SITE_ID	YEAR	VISIT_NO	MONTH	DAY	CLEAR_TO_BOTTOM	SECCHI
NLA12_CA-143	2012	1	5	2		4.835
NLA12_AZ-101	2012	1	5	8		2.85
NLA12_ND-115	2012	1	5	16		2.2
NLA12_AZ-118	2012	1	5	9		1.55
NLA12_UT-103	2012	1	5	9		2.3
NLA12_AZ-130	2012	1	5	10		1.85
NLA12_FL-101	2012	1	5	14		0.225
NLA12_UT-101	2012	1	5	15	Y	
NLA12_ND-112	2012	1	5	15		2.55
NLA12_FL-123	2012	1	5	15		5.35
NLA12_FL-102	2012	1	5	16		0.475
NLA12_GA-112	2012	1	5	16		2.345
NLA12_UT-108	2012	1	5	17		2.25
NLA12_FL-107	2012	1	5	17		5.7
NLA12_FL-110	2012	1	5	18		1.575
NLA12_FL-106	2012	1	5	20		0.725
NLA12_FL-104	2012	1	5	19		0.75
NLA12_CA-168	2012	1	5	21		0.805
NLA12_OK-122	2012	1	5	21		0.135
NLA12_WI-R11	2012	1	5	21	Y	1.5
NLA12_KS-114	2012	1	5	22		0.775
NLA12_OK-R01	2012	1	5	22		0.85
NLA12_CA-106	2012	1	5	22		0.31
NLA12_FL-114	2012	1	5	21		1.5
NLA12_PA-102	2012	1	9	5		0.85
NLA12_WI-R08	2012	1	5	22		1.83
NLA12_AL-105	2012	1	5	23		0.425
NLA12_OK-118	2012	1	5	23		0.605
NLA12_CA-172	2012	1	5	23		12.3
NLA12_AZ-127	2012	1	5	23		0.29
NLA12_KY-101	2012	1	5	24		3.15
NLA12_KY-107	2012	1	5	23		1.1
NLA12_NC-107	2012	1	5	23		2.45
NLA12_GA-101	2012	1	5	24		1.75
NLA12_AL-101	2012	1	5	24		2.55
NLA12_OK-R09	2012	1	5	23		0.29
NLA12_KY-103	2012	1	5	25		2.55
NLA12_OK-293	2012	1	5	29		28
NLA12_NM-132	2012	1	5	28		0.1
NLA12_SC-105	2012	1	5	27		0.85
NLA12_SC-112	2012	1	5	26	Y	
NLA12_SC-108	2012	1	5	28		1.05
NLA12_NM-152	2012	1	5	29		0.2
NLA12_CO-110	2012	1	5	29		0.62
NLA12_ND-101	2012	1	5	30		1.425
NLA12_KY-104	2012	1	5	30		0.15
NLA12_KS-130	2012	1	5	30		0.95
NLA12_PA-108	2012	1	5	30		3.375
NLA12_NC-105	2012	1	5	30		4.65
NLA12_NM-105	2012	1	5	30		0.3
NLA12_SD-101	2012	1	5	31		1.75
NLA12_NM-104	2012	1	6	1		2.6
NLA12_KY-120	2012	1	5	31		0.2
NLA12_KY-122	2012	1	6	3		0.65
NLA12_TN-114	2012	1	5	31		0.55
NLA12_TN-113	2012	1	6	1		0.6
NLA12_TN-108	2012	1	5	29		0.3
NLA12_KY-102	2012	1	6	1		1.35
NLA12_SC-106	2012	1	6	1		1.35
NLA12_NC-109	2012	1	6	4		3.5
NLA12_NC-101	2012	1	6	3		1.2
NLA12_NC-108	2012	1	6	2		3.125
NLA12_SD-138	2012	1	6	4		3.075
NLA12_NM-117	2012	1	6	3		3.8
NLA12_KS-108	2012	1	6	4		0.185
NLA12_KY-114	2012	1	6	4		1.4
NLA12_NM-133	2012	1	6	4	Y	1.37
NLA12_MS-107	2012	1	6	4		0.225
NLA12_MS-106	2012	1	6	2		0.95
NLA12_IA-107	2012	1	6	4		0.165
NLA12_SD-130	2012	1	6	5		0.45
NLA12_KS-109	2012	1	6	5		1.225
NLA12_SD-182	2012	1	6	5		4.75
NLA12_VA-109	2012	1	6	5	Y	1.3
NLA12_MT-113	2012	1	6	5	Y	
NLA12_KY-117	2012	1	6	5		1.2
NLA12_KS-103	2012	1	6	6		1.23
NLA12_VA-116	2012	1	6	6		1.53
NLA12_SD-166	2012	1	6	4	Y	
NLA12_SC-103	2012	1	6	5		7.35
NLA12_SD-104	2012	1	6	6		4
NLA12_SD-122	2012	1	6	6		0.325
NLA12_UT-112	2012	1	6	5		0.95
NLA12_UT-128	2012	1	6	6		0.375
NLA12_PA-107	2012	1	6	6		0.885
NLA12_KS-R02	2012	1	6	7		0.7
NLA12_MO-109	2012	1	6	5		0.765
NLA12_IA-132	2012	1	6	7		0.31
NLA12_NC-116	2012	1	6	6		0.7
NLA12_MN-145	2012	1	6	6	Y	3.6
NLA12_MN-118	2012	1	6	7		0.175
NLA12_MN-111	2012	1	6	7		4.8
NLA12_ND-104	2012	1	6	7		0.55
NLA12_ND-118	2012	1	6	7		1.75
NLA12_NM-150	2012	1	6	6		0.24
NLA12_UT-104	2012	1	6	7		0.875
NLA12_NV-106	2012	1	6	7		0.42
NLA12_NV-101	2012	1	6	6		0.19
NLA12_KS-125	2012	1	6	8		2.75
NLA12_NM-134	2012	1	6	7		3.2
NLA12_NM-138	2012	1	6	8		2.5
NLA12_NC-103	2012	1	6	7		1.85
NLA12_NM-129	2012	1	6	10		1.2
NLA12_MO-107	2012	1	6	7		0.35
NLA12_IL-R01	2012	1	6	11		2.385
NLA12_KS-138	2012	1	6	11		2.2
NLA12_OK-121	2012	1	6	11		0.195
NLA12_MN-132	2012	1	6	11		3.35
NLA12_UT-102	2012	1	6	11		4.85
NLA12_IA-105	2012	1	6	11		0.225
NLA12_NM-160	2012	1	6	11		0.11
NLA12_IL-R04	2012	1	6	12		1.47
NLA12_MS-101	2012	1	6	9		0.475
NLA12_MS-102	2012	1	6	10		0.95
NLA12_MS-104	2012	1	6	8		0.55
NLA12_PA-101	2012	1	6	12		1.375
NLA12_ND-139	2012	1	6	12		2.9
NLA12_IA-120	2012	1	6	12		0.25
NLA12_MT-104	2012	1	6	12		3.66
NLA12_SD-114	2012	1	6	12		0.5
NLA12_SD-115	2012	1	6	12		0.275
NLA12_ND-146	2012	1	6	12		0.86
NLA12_MN-120	2012	1	6	12		2.5
NLA12_MN-122	2012	1	6	12	Y	4
NLA12_NH-108	2012	1	6	12		1.765
NLA12_OK-101	2012	1	6	12		0.825
NLA12_OK-291	2012	1	6	12		0.375
NLA12_UT-110	2012	1	6	12	Y	
NLA12_VA-108	2012	1	6	12		1.655
NLA12_WV-102	2012	1	6	12		1.925
NLA12_OK-108	2012	1	6	11		1.23
NLA12_OK-135	2012	1	6	11		0.175
NLA12_CA-174	2012	1	6	11		3.28
NLA12_CA-116	2012	1	6	12		9.605
NLA12_KS-R08	2012	1	6	13		0.6
NLA12_ND-110	2012	1	6	13		0.75
NLA12_VA-125	2012	1	6	13		3.675
NLA12_KS-105	2012	1	6	13		0.265
NLA12_IL-R03	2012	1	6	13		1.43
NLA12_LA-101	2012	1	6	12		0.875
NLA12_MN-137	2012	1	6	13		0.25
NLA12_UT-109	2012	1	6	12		1.35
NLA12_NY-0104	2012	1	6	13		0.55
NLA12_ND-162	2012	1	6	13		0.36
NLA12_KS-R07	2012	1	6	14		0.7
NLA12_GA-107	2012	1	6	13		0.46
NLA12_TX-121	2012	1	6	13		0.78
NLA12_VA-114	2012	1	6	14		0.88
NLA12_WV-106	2012	1	6	13		2.375
NLA12_ND-178	2012	1	6	14		3.9
NLA12_CA-132	2012	1	6	13		4.085
NLA12_ND-163	2012	1	6	14		0.775
NLA12_NH-104	2012	1	6	14	N	2.75
NLA12_MN-107	2012	1	6	13		1.8
NLA12_LA-134	2012	1	6	14		0.45
NLA12_IA-101	2012	1	6	14		0.345
NLA12_KS-102	2012	1	6	12		0.91
NLA12_TX-R02	2012	1	6	13		2.01
NLA12_KS-124	2012	1	6	14		0.33
NLA12_AZ-101	2012	2	6	14		2.25
NLA12_KS-R11	2012	1	6	15		1.1
NLA12_MO-119	2012	1	6	14		0.91
NLA12_NV-127	2012	1	6	12	Y	2.2
NLA12_NV-167	2012	1	6	14	Y	
NLA12_TX-144	2012	1	6	14		1.2
NLA12_LA-102	2012	1	6	17		0.55
NLA12_WI-R06	2012	1	6	18		1.415
NLA12_SD-168	2012	1	6	18		2.15
NLA12_ND-186	2012	1	6	18		0.68
NLA12_CA-157	2012	1	6	18		2.49
NLA12_LA-105	2012	1	6	18		1.15
NLA12_LA-161	2012	1	6	18		1.25
NLA12_ND-108	2012	1	6	18		0.1
NLA12_OK-134	2012	1	6	18		0.2
NLA12_TX-165	2012	1	6	18		1.35
NLA12_ND-126	2012	1	6	19		0.3
NLA12_KS-101	2012	1	6	19	Y	0.065
NLA12_CA-121	2012	1	6	19		2.33
NLA12_IA-109	2012	1	6	18	Y	1.54
NLA12_LA-103	2012	1	6	19		0.25
NLA12_LA-152	2012	1	6	19		0.55
NLA12_MN-102	2012	1	6	19		2.45
NLA12_MT-109	2012	1	6	19		1.48
NLA12_UT-105	2012	1	6	19		5.55
NLA12_TX-117	2012	1	6	19		0.325
NLA12_OR-110	2012	1	6	18		2.05
NLA12_OK-120	2012	1	6	19		0.915
NLA12_OK-104	2012	1	6	19		1.3
NLA12_NH-101	2012	1	6	19	N	3.05
NLA12_MI-R08	2012	1	6	20		1.635
NLA12_SD-172	2012	1	6	20		1.15
NLA12_SD-124	2012	1	6	19		0.45
NLA12_SD-140	2012	1	6	19		0.475
NLA12_MN-108	2012	1	6	19		4
NLA12_CT-101	2012	1	6	20	Y	1.92
NLA12_NH-R04	2012	1	6	18		8.1075
NLA12_WV-101	2012	1	6	19		4.82
NLA12_ND-155	2012	1	6	20	Y	1.7
NLA12_NY-0101	2012	1	6	20		8.4
NLA12_OK-109	2012	1	6	20		0.475
NLA12_MT-118	2012	1	6	20		0.7
NLA12_ND-151	2012	1	6	20		0.35
NLA12_WV-115	2012	1	6	20		2.175
NLA12_NH-112	2012	1	6	21	N	3.35
NLA12_MN-163	2012	1	6	21		0.5
NLA12_ND-173	2012	1	6	21		1.55
NLA12_LA-104	2012	1	6	20		1.05
NLA12_NV-103	2012	1	6	19	Y	2
NLA12_NV-102	2012	1	6	20		1.225
NLA12_MN-130	2012	1	6	21		1.55
NLA12_KS-109	2012	2	6	21		1.075
NLA12_LA-154	2012	1	6	21		0.15
NLA12_LA-155	2012	1	6	21		2.6
NLA12_UT-160	2012	1	6	21	Y	
NLA12_TX-101	2012	1	6	21		0.175
NLA12_MI-R09	2012	1	6	21		6.2
NLA12_MT-138	2012	1	6	21		0.655
NLA12_TX-160	2012	1	6	22		0.45
NLA12_MO-104	2012	1	6	21		1.65
NLA12_MO-117	2012	1	6	21		2.5
NLA12_CO-124	2012	1	6	22		3.675
NLA12_LA-106	2012	1	6	22		0.65
NLA12_LA-109	2012	1	6	24		0.25
NLA12_TX-195	2012	1	6	24		0.35
NLA12_IA-106	2012	1	6	25		0.575
NLA12_ND-115	2012	2	6	25		0.875
NLA12_NV-141	2012	1	6	25		
NLA12_WI-140	2012	1	6	25	Y	1
NLA12_MD-102	2012	1	6	25		0.45
NLA12_DE-105	2012	1	6	25	Y	
NLA12_KS-126	2012	1	6	25		0.045
NLA12_IA-R03	2012	1	6	26		2.25
NLA12_IA-103	2012	1	6	26		3.01
NLA12_VA-R01	2012	1	6	26		5.175
NLA12_NV-193	2012	1	6	26		2.225
NLA12_TX-187	2012	1	6	26		0.25
NLA12_CO-102	2012	1	6	26		7.09
NLA12_KS-106	2012	1	6	26		0.83
NLA12_LA-141	2012	1	6	25		0.15
NLA12_MN-105	2012	1	6	26		1.15
NLA12_MT-126	2012	1	6	26	Y	
NLA12_NJ-107	2012	1	6	26		1.15
NLA12_SD-106	2012	1	6	26		1.3
NLA12_TX-157	2012	1	6	25		0.55
NLA12_WV-113	2012	1	6	26		1.25
NLA12_SD-110	2012	1	6	27		1.325
NLA12_IL-110	2012	1	6	26		1.325
NLA12_NH-105	2012	1	6	26	N	1.85
NLA12_CT-115	2012	1	6	26		4.19
NLA12_IA-R01	2012	1	6	27		1
NLA12_MN-109	2012	1	6	25		1.45
NLA12_VA-R17	2012	1	6	27		4.015
NLA12_MT-154	2012	1	6	27		0.18
NLA12_ID-194	2012	1	6	26	N	1.05
NLA12_UT-173	2012	1	6	27		2.41
NLA12_UT-165	2012	1	6	27	Y	
NLA12_WV-111	2012	1	6	27		2.715
NLA12_NV-109	2012	1	6	27		3.85
NLA12_KS-107	2012	1	6	27		1.15
NLA12_RI-104	2012	1	6	27		1.15
NLA12_PA-118	2012	1	6	27		1.865
NLA12_PA-109	2012	1	6	26	Y	
NLA12_NY-0102	2012	1	6	27		2.25
NLA12_WV-R01	2012	1	6	27		4.2
NLA12_DE-102	2012	1	6	27		0.325
NLA12_MN-150	2012	1	6	27		1.25
NLA12_IA-R02	2012	1	6	28		0.3
NLA12_ND-102	2012	1	6	27		0.44
NLA12_OR-111	2012	1	6	27		0.3
NLA12_IA-113	2012	1	6	28		1.475
NLA12_TX-107	2012	1	6	27		3.15
NLA12_KS-121	2012	1	6	28		0.485
NLA12_ND-119	2012	1	6	28	Y	
NLA12_ND-167	2012	1	6	28		0.725
NLA12_CT-102	2012	1	6	28		6.85
NLA12_LA-134	2012	2	6	28		1.05
NLA12_NH-103	2012	1	6	28	N	6.45
NLA12_TX-105	2012	1	6	28		0.69
NLA12_ND-187	2012	1	6	26		1.65
NLA12_LA-101	2012	2	6	26		0.85
NLA12_UT-186	2012	1	6	28		1.14
NLA12_UT-141	2012	1	6	28		0.15
NLA12_MN-138	2012	1	6	28		0.95
NLA12_SD-102	2012	1	6	28		1.05
NLA12_CO-114	2012	1	6	27		1.395
NLA12_CO-131	2012	1	6	28		3.65
NLA12_MN-153	2012	1	6	28		2.45
NLA12_WV-112	2012	1	6	28		0.425
NLA12_MT-142	2012	1	6	28	Y	
NLA12_GA-118	2012	1	6	28		4.035
NLA12_MD-105	2012	1	6	28		1.1
NLA12_IA-150	2012	1	7	2		1.175
NLA12_LA-172	2012	1	6	29		0.45
NLA12_OK-103	2012	1	7	2		0.95
NLA12_OH-103	2012	1	7	2		2.03
NLA12_WA-118	2012	1	7	2		3.75
NLA12_UT-148	2012	1	7	2		0.15
NLA12_KS-122	2012	1	7	2		0.6
NLA12_RI-102	2012	1	7	2	Y	1.1
NLA12_ID-168	2012	1	7	2	N	4.7
NLA12_KY-107	2012	2	7	2		1.35
NLA12_ID-141	2012	1	7	3	N	5
NLA12_UT-125	2012	1	7	4		5.775
NLA12_KY-116	2012	1	7	1		1.9
NLA12_KY-101	2012	2	7	2		3.45
NLA12_VT-112	2012	1	7	5		1.45
NLA12_ID-113	2012	1	7	3	N	2.35
NLA12_ID-101	2012	1	7	2	N	4.6
NLA12_SD-183	2012	1	7	5		0.65
NLA12_ND-196	2012	1	7	5	N	0.84
NLA12_UT-260	2012	1	7	5		3.05
NLA12_RI-111	2012	1	7	5		2.15
NLA12_MD-101	2012	1	7	5		4.65
NLA12_KS-101	2012	2	7	5		0.045
NLA12_ID-209	2012	1	7	5	Y	4.6
NLA12_ID-175	2012	1	7	5	N	0.225
NLA12_CO-108	2012	1	7	5	Y	
NLA12_IA-152	2012	1	7	5		1.125
NLA12_ND-106	2012	1	7	5		2.65
NLA12_WA-157	2012	1	7	4	Y	
NLA12_WA-121	2012	1	7	5		4.2
NLA12_MO-108	2012	1	7	5		2.865
NLA12_WY-104	2012	1	7	6		6.875
NLA12_WY-107	2012	1	7	7		2.125
NLA12_MI-111	2012	1	7	5		1.25
NLA12_MI-114	2012	1	7	6		2.3
NLA12_MI-135	2012	1	7	6		2.85
NLA12_MI-155	2012	1	7	5		1.45
NLA12_WY-130	2012	1	7	8		2.5
NLA12_IA-104	2012	1	7	9		1.6
NLA12_CA-101	2012	1	7	9		1.625
NLA12_GA-105	2012	1	7	9		3.24
NLA12_MT-107	2012	1	7	9		1.2
NLA12_OK-105	2012	1	7	9		0.275
NLA12_WY-105	2012	1	7	9		2.5
NLA12_OR-104	2012	1	7	9		1.35
NLA12_OK-106	2012	1	7	9		0.425
NLA12_ND-101	2012	2	7	9		0.55
NLA12_IA-127	2012	1	7	10		0.81
NLA12_MO-R02	2012	1	7	10		2.75
NLA12_NJ-131	2012	1	7	9	Y	0.85
NLA12_MN-147	2012	1	7	10		2.875
NLA12_VA-111	2012	1	7	10		0.61
NLA12_VA-101	2012	1	7	10		0.665
NLA12_WA-138	2012	1	7	10		3.15
NLA12_VT-R01	2012	1	7	10	Y	
NLA12_UT-169	2012	1	7	10		0.8
NLA12_NJ-118	2012	1	7	10		1.4
NLA12_OK-117	2012	1	7	10		0.275
NLA12_MN-123	2012	1	7	10		0.7
NLA12_SD-126	2012	1	7	10		2.75
NLA12_TX-176	2012	1	7	10		0.35
NLA12_CA-180	2012	1	7	10		4.9
NLA12_MT-143	2012	1	7	10		3.4
NLA12_ND-134	2012	1	7	10		0.64
NLA12_ND-107	2012	1	7	10		0.55
NLA12_MO-R01	2012	1	7	11		4.9
NLA12_WY-135	2012	1	7	11		2.625
NLA12_WY-131	2012	1	7	10		2.95
NLA12_CT-104	2012	1	7	11		1.45
NLA12_RI-110	2012	1	7	10		0.625
NLA12_VA-121	2012	1	7	11		0.53
NLA12_VA-105	2012	1	7	11		0.885
NLA12_VT-R02	2012	1	7	11		9.32
NLA12_UT-210	2012	1	7	11		3.275
NLA12_OR-169	2012	1	7	11		4.05
NLA12_CO-115	2012	1	7	11	Y	
NLA12_MI-101	2012	1	7	11		2.65
NLA12_NH-102	2012	1	7	11	N	1.75
NLA12_OH-136	2012	1	7	11		0.34
NLA12_OK-302	2012	1	7	11		2.19
NLA12_SD-158	2012	1	7	11		0.475
NLA12_TX-170	2012	1	7	11		0.65
NLA12_TX-190	2012	1	7	11		0.55
NLA12_PA-105	2012	1	7	10		2.605
NLA12_PA-110	2012	1	7	11		0.85
NLA12_MN-101	2012	1	7	11		2.05
NLA12_IA-134	2012	1	7	12		0.435
NLA12_CA-105	2012	1	7	11		0.65
NLA12_MO-115	2012	1	7	11		1.385
NLA12_MT-108	2012	1	7	11		0.625
NLA12_NV-105	2012	1	7	11		0.63
NLA12_NV-119	2012	1	7	10		1.4
NLA12_NV-104	2012	1	7	12		0.675
NLA12_RI-112	2012	1	7	11		1.15
NLA12_MN-116	2012	1	7	12		0.7
NLA12_WA-141	2012	1	7	11		3.3
NLA12_RI-113	2012	1	7	12		1.3
NLA12_SD-111	2012	1	7	12		4
NLA12_NJ-102	2012	1	7	12		0.95
NLA12_NJ-119	2012	1	7	11		2.4
NLA12_UT-101	2012	2	7	12	Y	1.9
NLA12_UT-222	2012	1	7	12		1.35
NLA12_UT-137	2012	1	7	11		2.01
NLA12_ID-112	2012	1	7	12		3.1
NLA12_ID-102	2012	1	7	13	Y	
NLA12_ID-108	2012	1	7	13		3.275
NLA12_ID-207	2012	1	7	12		1.975
NLA12_CA-R13	2012	1	7	13		10.5
NLA12_CO-101	2012	1	7	13		0.415
NLA12_NY-R02	2012	1	7	11		7.6
NLA12_TX-136	2012	1	7	15		0.35
NLA12_WA-101	2012	1	7	12		0.94
NLA12_ID-165	2012	1	7	15		2.5
NLA12_ID-121	2012	1	7	14	Y	
NLA12_ID-105	2012	1	7	13		2.55
NLA12_NY-0106	2012	1	7	12		4.35
NLA12_VA-109	2012	2	7	16	Y	
NLA12_SD-134	2012	1	7	16		
NLA12_CA-R12	2012	1	7	15		5.5
NLA12_TX-111	2012	1	7	16		0.95
NLA12_NY-0110	2012	1	7	15		3.35
NLA12_OR-113	2012	1	7	16		2.5
NLA12_CA-190	2012	1	7	16		0.315
NLA12_NJ-104	2012	1	7	15		0.85
NLA12_NJ-101	2012	1	7	13		1.15
NLA12_IL-118	2012	1	7	17		0.365
NLA12_MD-115	2012	1	7	17		0.35
NLA12_CT-118	2012	1	7	17		4.35
NLA12_UT-294	2012	1	7	17		6.225
NLA12_OR-123	2012	1	7	17		3
NLA12_AL-102	2012	1	7	17		0.675
NLA12_CA-154	2012	1	7	17		0.39
NLA12_CA-R06	2012	1	7	16	Y	6
NLA12_NH-111	2012	1	7	17		2.85
NLA12_OH-118	2012	1	7	17		1.195
NLA12_RI-103	2012	1	7	17		1.9
NLA12_VA-118	2012	1	7	17		0.12
NLA12_SD-108	2012	1	7	17		0.75
NLA12_IA-101	2012	2	7	17		0.385
NLA12_MN-113	2012	1	7	17		0.3
NLA12_TX-112	2012	1	7	17		0.85
NLA12_TX-152	2012	1	7	17		0.1
NLA12_IL-104	2012	1	7	18		1.45
NLA12_OR-155	2012	1	7	18		2.05
NLA12_MI-144	2012	1	7	17	Y	
NLA12_CA-R10	2012	1	7	17		2.35
NLA12_MO-103	2012	1	7	17		1.15
NLA12_WA-126	2012	1	7	19		4.475
NLA12_WA-112	2012	1	7	18		2.355
NLA12_WA-108	2012	1	7	17		3.59
NLA12_VA-110	2012	1	7	18		1.65
NLA12_VA-103	2012	1	7	18		1.28
NLA12_CA-167	2012	1	7	18		4.865
NLA12_RI-108	2012	1	7	18		2.145
NLA12_TX-201	2012	1	7	18		1.32
NLA12_NY-0109	2012	1	7	18		0.785
NLA12_SD-105	2012	1	7	18		1.775
NLA12_IN-146	2012	1	7	18		2.8
NLA12_PA-114	2012	1	7	18		5.35
NLA12_NV-177	2012	1	7	17		3.3
NLA12_NV-137	2012	1	7	16		0.31
NLA12_NV-119	2012	2	7	18	Y	
NLA12_NV-101	2012	2	7	17		0.25
NLA12_IL-106	2012	1	7	19		0.71
NLA12_NY-0111	2012	1	7	16		3.85
NLA12_OK-296	2012	1	7	16		0.355
NLA12_NY-R08	2012	1	7	17		2.05
NLA12_IN-116	2012	1	7	19		4.45
NLA12_CA-R05	2012	1	7	18	Y	
NLA12_AZ-140	2012	1	7	19		0.85
NLA12_AL-R03	2012	1	7	18		1.675
NLA12_AL-103	2012	1	7	19		0.775
NLA12_OH-127	2012	1	7	19		2.63
NLA12_NH-109	2012	1	7	19		7.65
NLA12_ME-R11	2012	1	7	19		2.825
NLA12_MD-103	2012	1	7	19		1.55
NLA12_TX-182	2012	1	7	19		1.95
NLA12_RI-111	2012	2	7	19		1.75
NLA12_NV-144	2012	1	7	19	Y	
NLA12_GA-102	2012	1	7	19		0.3
NLA12_ME-114	2012	1	7	18		4.05
NLA12_MT-106	2012	1	7	20		6.05
NLA12_CO-119	2012	1	7	18		10.4
NLA12_CO-106	2012	1	7	20		2.95
NLA12_CA-R01	2012	1	7	20		4.85
NLA12_NY-R04	2012	1	7	20		0.65
NLA12_NY-R11	2012	1	7	19		4.85
NLA12_CA-111	2012	1	7	19		3.725
NLA12_NE-101	2012	1	7	22		0.65
NLA12_ND-114	2012	1	7	23		0.8
NLA12_SD-133	2012	1	7	23		0.6
NLA12_PA-R10	2012	1	7	23		5.75
NLA12_PA-R11	2012	1	7	24		2.4
NLA12_OK-306	2012	1	7	23		1.3
NLA12_CA-200	2012	1	7	23	Y	10.2
NLA12_UT-203	2012	1	7	23		9.055
NLA12_AL-104	2012	1	7	23		0.75
NLA12_NE-106	2012	1	7	23		0.35
NLA12_IN-108	2012	1	7	23		0.965
NLA12_IA-120	2012	2	7	23		0.545
NLA12_MS-103	2012	1	7	23		0.8
NLA12_AL-101	2012	2	7	21		1.3
NLA12_AL-112	2012	1	7	22		1.05
NLA12_AL-R05	2012	1	7	21		1.65
NLA12_NY-R07	2012	1	7	22		0.45
NLA12_VA-R14	2012	1	7	24		3.25
NLA12_CA-R03	2012	1	7	22		3.45
NLA12_NH-101	2012	2	7	24		3.15
NLA12_MN-126	2012	1	7	24		2.2
NLA12_WY-124	2012	1	7	24		8.875
NLA12_ND-109	2012	1	7	24		1.9
NLA12_IL-120	2012	1	7	24		0.95
NLA12_ME-R08	2012	1	7	21		5.9
NLA12_ME-R02	2012	1	7	20	Y	
NLA12_AR-101	2012	1	7	23		0.55
NLA12_AL-105	2012	2	7	24		0.525
NLA12_CO-129	2012	1	7	24	Y	2.1
NLA12_CA-R02	2012	1	7	23		3.5
NLA12_OK-119	2012	1	7	24		0.49
NLA12_MN-141	2012	1	7	24		3.7
NLA12_MS-126	2012	1	7	24		0.45
NLA12_NE-110	2012	1	7	24		0.15
NLA12_WY-102	2012	1	7	24		1.5
NLA12_AR-105	2012	1	7	24		1.55
NLA12_VA-104	2012	1	7	25		1.2
NLA12_MN-110	2012	1	7	25		1.8
NLA12_ID-210	2012	1	7	24		9.1
NLA12_ID-145	2012	1	7	23		7.1
NLA12_SD-189	2012	1	7	25		0.725
NLA12_MO-101	2012	1	7	24		0.375
NLA12_ND-149	2012	1	7	25		0.345
NLA12_ND-164	2012	1	7	25		0.325
NLA12_MN-R12	2012	1	7	25	Y	2.51
NLA12_ME-134	2012	1	7	24		2.68
NLA12_NY-R06	2012	1	7	25		1.975
NLA12_NY-R03	2012	1	7	24		3.475
NLA12_CA-166	2012	1	7	24	Y	
NLA12_CA-112	2012	1	7	25		4.81
NLA12_MN-157	2012	1	7	25		0.45
NLA12_ME-R15	2012	1	7	25		5.475
NLA12_ME-R06	2012	1	7	24		8.23
NLA12_ME-R10	2012	1	7	23		7.075
NLA12_MN-R01	2012	1	7	24		4.35
NLA12_MS-105	2012	1	7	25		1.35
NLA12_NE-129	2012	1	7	25		0.25
NLA12_NH-112	2012	2	7	26		3.35
NLA12_IN-160	2012	1	7	25		2.2
NLA12_IN-172	2012	1	7	25		4.7
NLA12_IN-128	2012	1	7	26		2.4
NLA12_IL-109	2012	1	7	25		0.875
NLA12_ND-193	2012	1	7	26		0.4
NLA12_CT-107	2012	1	7	25		2.25
NLA12_SD-165	2012	1	7	26		2.55
NLA12_GA-104	2012	1	7	25		2.315
NLA12_VA-126	2012	1	7	26		0.7
NLA12_AL-114	2012	1	7	26		0.65
NLA12_SD-132	2012	1	7	26		0.83
NLA12_GA-R01	2012	1	7	25		1.6
NLA12_IA-102	2012	1	7	26		0.83
NLA12_ME-109	2012	1	7	25		2.875
NLA12_MN-R13	2012	1	7	26		2.02
NLA12_NV-R01	2012	1	7	25	Y	4.5
NLA12_RI-102	2012	2	7	25	Y	1
NLA12_MT-160	2012	1	7	26		1.45
NLA12_MT-156	2012	1	7	26		4.04
NLA12_ME-R03	2012	1	7	26		3.925
NLA12_AZ-107	2012	1	7	26		0.225
NLA12_CO-125	2012	1	7	26		5.75
NLA12_ID-142	2012	1	7	27	Y	1.1
NLA12_ID-158	2012	1	7	26		11.6
NLA12_ID-215	2012	1	7	25		9.9
NLA12_ND-129	2012	1	7	27		0.33
NLA12_TX-114	2012	1	7	26		0.35
NLA12_NY-0108	2012	1	7	27		1.1
NLA12_TX-205	2012	1	7	27	Y	1.46
NLA12_WY-120	2012	1	7	29		3
NLA12_WY-117	2012	1	7	26	Y	
NLA12_WY-103	2012	1	7	28		11.875
NLA12_MN-R14	2012	1	7	27		1.645
NLA12_MS-101	2012	2	7	27		0.475
NLA12_MS-112	2012	1	7	29		1.05
NLA12_MS-125	2012	1	7	28		0.35
NLA12_SD-212	2012	1	7	27		2.15
NLA12_ND-103	2012	1	7	30		0.83
NLA12_VT-103	2012	1	7	30		3.05
NLA12_ND-172	2012	1	7	30		0.525
NLA12_MD-118	2012	1	7	30	Y	
NLA12_OH-R02	2012	1	7	30		3.5
NLA12_CA-145	2012	1	7	30		1.96
NLA12_FL-103	2012	1	7	30		0.125
NLA12_FL-108	2012	1	7	28		0.65
NLA12_FL-R06	2012	1	7	29		0.475
NLA12_ID-166	2012	1	7	30		2.475
NLA12_ME-110	2012	1	7	30		6.95
NLA12_MS-128	2012	1	7	30		1.2
NLA12_SD-107	2012	1	7	30		2.325
NLA12_VA-102	2012	1	7	30		0.65
NLA12_WA-R08	2012	1	7	30		3.7
NLA12_ND-160	2012	1	7	31		1.65
NLA12_NH-107	2012	1	7	31		2.15
NLA12_IN-127	2012	1	7	31		0.55
NLA12_ID-110	2012	1	7	30		2.4
NLA12_SD-119	2012	1	7	31		0.55
NLA12_MD-108	2012	1	7	31		0.75
NLA12_ND-194	2012	1	7	31		0.11
NLA12_OR-129	2012	1	7	30		3.85
NLA12_CA-128	2012	1	7	31		2.18
NLA12_VA-119	2012	1	7	31		0.29
NLA12_VA-R06	2012	1	7	31		3.45
NLA12_ME-106	2012	1	7	31		3.685
NLA12_MS-113	2012	1	7	31		2.75
NLA12_OH-102	2012	1	7	31		0.25
NLA12_MN-104	2012	1	7	31	Y	2.9
NLA12_MN-131	2012	1	7	31	Y	1.1
NLA12_IN-111	2012	1	7	31		1.05
NLA12_WY-R02	2012	1	7	31		4.9
NLA12_MN-143	2012	1	8	1		0.6
NLA12_CT-126	2012	1	8	1		3.74
NLA12_IN-101	2012	1	8	1		3.9
NLA12_VA-106	2012	1	8	1		0.575
NLA12_ID-203	2012	1	8	1		1
NLA12_ID-122	2012	1	7	31		1.725
NLA12_IN-130	2012	1	8	1		2.1
NLA12_ID-198	2012	1	7	31		1.05
NLA12_IN-113	2012	1	7	30		2.5
NLA12_UT-167	2012	1	8	1	Y	1
NLA12_PA-117	2012	1	8	1		1.15
NLA12_PA-106	2012	1	7	31		4.15
NLA12_ME-103	2012	1	8	1		4.16
NLA12_OK-288	2012	1	8	1	Y	3.95
NLA12_OR-107	2012	1	8	1		4.4
NLA12_MS-116	2012	2	8	1		2.1
NLA12_WA-R10	2012	1	8	1		4.4
NLA12_OR-145	2012	1	7	31		1.55
NLA12_MT-110	2012	1	8	1		4.64
NLA12_MT-152	2012	1	7	31		7.5
NLA12_WY-133	2012	1	7	31		4.95
NLA12_IN-147	2012	1	8	2		0.19
NLA12_VA-101	2012	2	8	2		0.705
NLA12_VA-R05	2012	1	8	1		2.525
NLA12_OH-137	2012	1	8	2		0.725
NLA12_TX-113	2012	1	8	2		0.55
NLA12_WA-R09	2012	1	7	31		3.8
NLA12_UT-196	2012	1	8	2		3.85
NLA12_ND-202	2012	1	8	2		0.7
NLA12_ND-198	2012	1	8	1		0.85
NLA12_ND-190	2012	1	8	2		0.25
NLA12_ME-121	2012	1	8	2		3.5
NLA12_OH-134	2012	1	8	2		0.495
NLA12_ID-104	2012	1	8	2		1.25
NLA12_CO-121	2012	1	8	1	Y	
NLA12_WA-102	2012	1	8	2		0.96
NLA12_CO-117	2012	1	8	2		1.675
NLA12_WY-115	2012	1	8	3		2
NLA12_ND-145	2012	1	8	6		0.9
NLA12_IN-134	2012	1	8	6		0.99
NLA12_ME-130	2012	1	8	6		4.125
NLA12_ND-131	2012	1	8	6		4.15
NLA12_CA-188	2012	1	8	6		1.875
NLA12_MT-124	2012	1	8	6		8.19
NLA12_SD-147	2012	1	8	6		0.425
NLA12_OR-105	2012	1	8	6		2.9
NLA12_MN-121	2012	1	8	6		0.75
NLA12_DE-101	2012	1	8	6		0.375
NLA12_SD-137	2012	1	8	7	Y	2.2
NLA12_TX-104	2012	1	8	7		0.565
NLA12_WI-144	2012	1	7	26	Y	
NLA12_MN-119	2012	1	8	7		1.6
NLA12_VA-R18	2012	1	8	7		0.375
NLA12_OK-132	2012	1	8	7		1.59
NLA12_CA-119	2012	1	8	7		3.995
NLA12_WA-R11	2012	1	8	7	Y	
NLA12_OR-154	2012	1	8	7		3.45
NLA12_MN-103	2012	1	8	7	Y	2
NLA12_IN-144	2012	1	8	8		1.55
NLA12_IN-110	2012	1	8	6		2.05
NLA12_IN-105	2012	1	8	7		0.95
NLA12_WI-R12	2012	1	8	8		2.885
NLA12_ID-101	2012	2	8	7		3
NLA12_OK-292	2012	1	8	8		0.185
NLA12_MN-106	2012	1	8	8		2.9
NLA12_MN-115	2012	1	8	8		4.3
NLA12_CO-R04	2012	1	8	8		5.75
NLA12_AL-113	2012	1	8	8		1.45
NLA12_NC-104	2012	1	8	8		0.35
NLA12_IN-164	2012	1	8	8		3.35
NLA12_ME-101	2012	1	8	8	Y	3.28
NLA12_ME-126	2012	1	8	7	Y	
NLA12_NE-107	2012	1	8	8		0.45
NLA12_OR-112	2012	1	8	8		1.6
NLA12_VA-112	2012	1	8	8	Y	
NLA12_VA-123	2012	1	8	8		0.265
NLA12_WI-R13	2012	1	8	9		2.455
NLA12_MI-150	2012	1	8	7		1.575
NLA12_GA-111	2012	1	8	8		1.03
NLA12_IN-102	2012	1	8	9		2.75
NLA12_IN-106	2012	1	8	9		1.4
NLA12_MI-125	2012	1	8	8		1.725
NLA12_CA-108	2012	1	8	8		6.38
NLA12_UT-118	2012	1	8	8		5.25
NLA12_CT-103	2012	1	8	9		4.65
NLA12_MN-177	2012	1	8	9		0.35
NLA12_PA-108	2012	2	8	8		1.675
NLA12_TX-116	2012	1	8	9		1.9
NLA12_IN-166	2012	1	8	7		1
NLA12_WI-134	2012	1	8	9		0.105
NLA12_OR-102	2012	1	8	9		0.0195
NLA12_AR-109	2012	1	8	8		1.65
NLA12_AR-104	2012	1	8	9		1.84
NLA12_FL-130	2012	1	8	9		0.325
NLA12_MN-167	2012	1	8	9		0.3
NLA12_NC-127	2012	1	8	9		2.35
NLA12_ME-120	2012	1	8	9		2.615
NLA12_AZ-103	2012	1	8	9		0.55
NLA12_FL-102	2012	2	8	10		0.675
NLA12_CO-133	2012	1	8	8	Y	
NLA12_MN-160	2012	1	8	10		1.25
NLA12_IN-159	2012	1	8	10		0.85
NLA12_NE-111	2012	1	8	10		0.7
NLA12_FL-109	2012	1	8	11		0.675
NLA12_FL-105	2012	1	8	12		0.65
NLA12_NE-112	2012	1	8	12	Y	1.4
NLA12_UT-218	2012	1	8	10		5.25
NLA12_SC-112	2012	2	8	12	Y	
NLA12_NC-124	2012	1	8	10		0.45
NLA12_NC-115	2012	1	8	11		0.55
NLA12_SD-131	2012	1	8	13		0.22
NLA12_ND-156	2012	1	8	13		0.31
NLA12_WY-116	2012	1	8	5		3.125
NLA12_SC-118	2012	1	8	13		0.95
NLA12_IN-120	2012	1	8	14		1.1
NLA12_IN-145	2012	1	8	13		0.45
NLA12_FL-110	2012	2	8	14		1.85
NLA12_FL-126	2012	1	8	13		0.55
NLA12_MO-105	2012	1	8	14		1.635
NLA12_MO-110	2012	1	8	13		2.11
NLA12_ID-112	2012	2	8	14		1.85
NLA12_IN-101	2012	2	8	13		3.2
NLA12_WA-109	2012	1	8	14		2.475
NLA12_CA-103	2012	1	8	13		10.59
NLA12_ME-102	2012	1	8	13		3.005
NLA12_OR-109	2012	1	8	13		27.95
NLA12_IN-149	2012	1	8	14		1.45
NLA12_IN-179	2012	1	8	14		0.425
NLA12_IN-187	2012	1	8	14		2.85
NLA12_ME-116	2012	1	8	14		1.995
NLA12_MN-152	2012	1	8	14		0.45
NLA12_MT-140	2012	1	8	14		11.545
NLA12_NE-125	2012	1	8	14		0.15
NLA12_SC-102	2012	1	8	14		0.45
NLA12_WY-R04	2012	1	8	14		1.5
NLA12_IL-112	2012	1	8	15		0.975
NLA12_CA-111	2012	2	8	14		3.4
NLA12_SD-115	2012	2	8	14		0.14
NLA12_ME-R07	2012	1	8	14		5.775
NLA12_MN-112	2012	1	8	14		0.4
NLA12_WI-161	2012	1	8	14		3.35
NLA12_MN-135	2012	1	8	14		0.4
NLA12_OR-128	2012	1	8	14		6.75
NLA12_CT-108	2012	1	8	15	Y	2.5
NLA12_NY-0104	2012	2	8	15		0.8
NLA12_MD-104	2012	1	8	15		0.35
NLA12_WA-133	2012	1	8	15		1.775
NLA12_CO-130	2012	1	8	15		3.505
NLA12_UT-126	2012	1	8	14	Y	3.8
NLA12_OK-107	2012	1	8	14		1.625
NLA12_NE-121	2012	1	8	15		0.15
NLA12_VA-127	2012	1	8	15		0.64
NLA12_VA-130	2012	1	8	15		1.095
NLA12_MN-114	2012	1	8	15		0.3
NLA12_DE-103	2012	1	8	15		1.38
NLA12_IL-116	2012	1	8	16		2.975
NLA12_MO-108	2012	2	8	15		2.09
NLA12_PA-113	2012	1	8	15		3.3
NLA12_MD-105	2012	2	8	16		0.65
NLA12_IN-185	2012	1	8	16		1.05
NLA12_CA-135	2012	1	8	15		7.765
NLA12_CA-123	2012	1	8	15		3.385
NLA12_SD-101	2012	2	8	16		3.05
NLA12_GA-112	2012	2	8	15		
NLA12_TX-128	2012	1	8	16		1.73
NLA12_OR-144	2012	1	8	15	Y	
NLA12_UT-159	2012	1	8	15	Y	3.3
NLA12_UT-147	2012	1	8	14	Y	1.75
NLA12_SC-127	2012	1	8	15		1.35
NLA12_WY-R01	2012	1	8	16	Y	10
NLA12_MT-144	2012	1	8	16		0.675
NLA12_SD-143	2012	1	8	16		1.05
NLA12_SC-104	2012	2	8	16		0.55
NLA12_IN-103	2012	1	8	15		0.95
NLA12_ME-129	2012	1	8	17		2.755
NLA12_IN-163	2012	1	8	17		0.75
NLA12_ME-118	2012	1	8	15		4.83
NLA12_AZ-145	2012	1	8	14		1.05
NLA12_AR-101	2012	2	8	17		0.675
NLA12_AR-105	2012	2	8	16		1.05
NLA12_OH-101	2012	1	8	16		0.355
NLA12_CO-131	2012	2	8	17		2.575
NLA12_FL-141	2012	1	8	17		0.65
NLA12_GA-R11	2012	1	8	16		0.15
NLA12_NE-105	2012	1	8	17		0.41
NLA12_NE-108	2012	1	8	17		0.1
NLA12_NC-116	2012	2	8	18		0.45
NLA12_NC-101	2012	2	8	17		2
NLA12_NM-161	2012	1	8	16	Y	2.5
NLA12_IN-128	2012	2	8	17		3.05
NLA12_NM-104	2012	2	8	15		1.9
NLA12_NM-162	2012	1	8	17	Y	5.8
NLA12_FL-132	2012	1	8	19		0.375
NLA12_FL-123	2012	2	8	18		4.4
NLA12_FL-101	2012	2	8	19		0.65
NLA12_NE-113	2012	1	8	19		0.175
NLA12_NE-102	2012	1	8	18		0.145
NLA12_MT-102	2012	1	8	20		7.3
NLA12_IN-174	2012	1	8	20		2.25
NLA12_SD-109	2012	1	8	20		0.415
NLA12_NM-117	2012	2	8	19		1
NLA12_OR-121	2012	1	8	20		5.6
NLA12_OH-107	2012	1	8	20		0.41
NLA12_CA-206	2012	1	8	20		3.8
NLA12_IN-171	2012	1	8	20		1.375
NLA12_MN-127	2012	1	8	21		0.425
NLA12_IN-186	2012	1	8	16		2.65
NLA12_DE-104	2012	1	8	20		0.57
NLA12_IN-180	2012	1	8	21		1.25
NLA12_MO-123	2012	1	8	21		0.51
NLA12_WY-R08	2012	1	8	21		5.95
NLA12_AR-106	2012	1	8	20		0.48
NLA12_GA-103	2012	1	8	21		0.95
NLA12_NC-114	2012	1	8	20		0.275
NLA12_NE-135	2012	1	8	21		0.045
NLA12_SC-103	2012	2	8	21		4.45
NLA12_SD-170	2012	1	8	21		0.525
NLA12_ND-113	2012	1	8	20		1.8
NLA12_ME-104	2012	1	8	20		2.175
NLA12_CO-101	2012	2	8	21		0.265
NLA12_MT-136	2012	1	8	21		12.36
NLA12_MN-136	2012	1	8	21		1.3
NLA12_MN-158	2012	1	8	22		0.2
NLA12_ME-105	2012	1	8	21	Y	2.07
NLA12_AR-102	2012	1	8	21		0.3
NLA12_AR-111	2012	1	8	22		0.575
NLA12_CA-141	2012	1	8	22		1.68
NLA12_CA-208	2012	1	8	21	Y	
NLA12_ND-199	2012	1	8	22	Y	
NLA12_OH-104	2012	1	8	22		0.5
NLA12_AZ-R02	2012	1	8	21		0.3
NLA12_ME-122	2012	1	8	22		2.825
NLA12_MT-120	2012	1	8	22	Y	
NLA12_ND-105	2012	1	8	22		2.01
NLA12_WA-101	2012	2	8	21		1.125
NLA12_NE-127	2012	1	8	22		0.425
NLA12_OR-160	2012	1	8	21	Y	
NLA12_OR-103	2012	1	8	22	Y	
NLA12_IN-104	2012	1	8	22		1.175
NLA12_IN-115	2012	1	8	22		1.175
NLA12_OH-118	2012	2	8	21		0.555
NLA12_NC-134	2012	1	8	22		0.85
NLA12_SD-154	2012	1	8	22		1.05
NLA12_GA-127	2012	1	8	22		0.85
NLA12_WA-125	2012	1	8	23		3.375
NLA12_AZ-R01	2012	1	8	22		
NLA12_CO-109	2012	1	8	23		3.05
NLA12_ME-107	2012	1	8	23		4.075
NLA12_NE-160	2012	1	8	23		0.93
NLA12_WI-179	2012	1	8	21		3.65
NLA12_WI-109	2012	1	8	22		1
NLA12_WI-115	2012	1	8	20		0.85
NLA12_AZ-130	2012	2	8	22		2.75
NLA12_VT-112	2012	2	8	24		2.2
NLA12_MT-164	2012	1	8	23		6.15
NLA12_PA-111	2012	1	8	23		1.1
NLA12_PA-115	2012	1	8	22		3.75
NLA12_TX-218	2012	1	8	22		0.55
NLA12_OH-115	2012	1	8	23		3.785
NLA12_AR-103	2012	1	8	24		3.24
NLA12_AZ-106	2012	1	8	23		1.5
NLA12_AZ-123	2012	1	8	24		0.03
NLA12_NE-154	2012	1	8	26		0.425
NLA12_NE-156	2012	1	8	24		0.09
NLA12_NE-101	2012	2	8	26		0.45
NLA12_WA-103	2012	1	8	27		4.975
NLA12_NE-166	2012	1	8	25		0.95
NLA12_NE-149	2012	1	8	24		0.15
NLA12_SD-157	2012	1	8	27		1.15
NLA12_NE-170	2012	1	8	27		0.145
NLA12_SD-162	2012	1	8	27		0.325
NLA12_AZ-157	2012	1	8	17		0.275
NLA12_ME-126	2012	2	8	27	Y	4.675
NLA12_OH-106	2012	1	8	27		1.45
NLA12_CO-R01	2012	1	8	27		7.6
NLA12_CA-102	2012	1	8	28		0.39
NLA12_CA-156	2012	1	8	27		0.43
NLA12_SD-103	2012	1	8	28		1.2
NLA12_SD-150	2012	1	8	28	Y	1
NLA12_SD-141	2012	1	8	28		2.05
NLA12_GA-101	2012	2	8	28		0.55
NLA12_MT-135	2012	1	8	28		0.325
NLA12_NE-129	2012	2	8	28		0.25
NLA12_CO-R10	2012	1	8	28		2.55
NLA12_MN-123	2012	2	8	28		2.45
NLA12_MN-171	2012	1	8	28		0.85
NLA12_MD-101	2012	2	8	28		4.7
NLA12_MO-122	2012	1	8	29		0.51
NLA12_MO-126	2012	1	8	28		0.185
NLA12_WA-146	2012	1	8	28	Y	
NLA12_IN-142	2012	1	8	29		0.425
NLA12_MN-144	2012	1	8	28	Y	1.8
NLA12_CO-107	2012	1	8	29		7.39
NLA12_CT-101	2012	2	8	29		1.5
NLA12_WV-101	2012	2	8	28		3.4
NLA12_TX-199	2012	1	8	29		0.15
NLA12_NE-157	2012	1	8	29		1.325
NLA12_MT-103	2012	1	8	29		1.275
NLA12_IL-114	2012	1	8	29		3.005
NLA12_IN-117	2012	1	8	29		1.65
NLA12_MN-101	2012	2	8	29		
NLA12_SD-198	2012	1	8	29		0.625
NLA12_ME-115	2012	1	8	29		3.335
NLA12_GA-114	2012	1	8	29		1.05
NLA12_IN-191	2012	1	8	30		0.275
NLA12_WA-114	2012	1	8	30		2.415
NLA12_AZ-143	2012	1	8	30		1.725
NLA12_UT-374	2012	1	8	30		1.45
NLA12_PA-103	2012	1	8	28		1.15
NLA12_CO-105	2012	1	8	30		0.315
NLA12_NE-158	2012	1	8	30		0.09
NLA12_IL-103	2012	1	8	30		0.875
NLA12_MT-119	2012	1	8	30		0.24
NLA12_UT-122	2012	1	8	29		5.36
NLA12_TX-118	2012	1	8	30		0.245
NLA12_CA-181	2012	1	8	29		2.26
NLA12_CO-R07	2012	1	8	30	Y	3.05
NLA12_IN-126	2012	1	8	31		0.45
NLA12_TX-202	2012	1	8	30		0.56
NLA12_OK-133	2012	1	9	4		0.29
NLA12_UT-324	2012	1	9	4		2.1
NLA12_ME-135	2012	1	9	4		3.4
NLA12_MT-161	2012	1	9	5		0.94
NLA12_OH-101	2012	2	9	5		0.435
NLA12_UT-325	2012	1	9	5		4.075
NLA12_WA-115	2012	1	9	5		5.705
NLA12_OK-286	2012	1	9	5		0.135
NLA12_WV-112	2012	2	9	5		0.355
NLA12_UT-229	2012	1	9	5		3.75
NLA12_MN-181	2012	1	9	5	Y	1.7
NLA12_MN-180	2012	1	9	5		1.2
NLA12_CA-212	2012	1	9	5		4.57
NLA12_OH-R03	2012	1	9	5		2.825
NLA12_MN-162	2012	1	9	6		1.25
NLA12_MN-170	2012	1	9	5		2.1
NLA12_ME-108	2012	1	9	5		3.25
NLA12_IN-162	2012	1	9	6		0.925
NLA12_IN-112	2012	1	9	5		0.75
NLA12_IN-131	2012	1	9	5		8.5
NLA12_CT-115	2012	2	9	6		4.7
NLA12_TX-137	2012	1	9	6		2.325
NLA12_CO-127	2012	1	9	6		2.085
NLA12_MO-120	2012	1	9	6		0.555
NLA12_PA-119	2012	1	9	6		6.9
NLA12_OH-112	2012	1	9	6		1.665
NLA12_CA-138	2012	1	9	6	Y	
NLA12_WI-132	2012	1	9	6		0.3
NLA12_WI-181	2012	1	9	4		1.5
NLA12_WI-135	2012	1	8	29		2.1
NLA12_WI-111	2012	1	9	6		4.1
NLA12_MT-177	2012	1	9	6		0.64
NLA12_MA-101	2012	1	9	7		1.75
NLA12_MA-105	2012	1	9	6		1.75
NLA12_IN-183	2012	1	9	7		0.55
NLA12_WA-124	2012	1	9	7		3.16
NLA12_MA-111	2012	1	9	9		3.25
NLA12_WA-120	2012	1	9	6		6.375
NLA12_UT-110	2012	2	9	6		3.05
NLA12_UT-290	2012	1	9	7	Y	1.8
NLA12_MA-108	2012	1	9	10		1.05
NLA12_WY-125	2012	1	9	6		3.35
NLA12_OK-102	2012	1	9	4		0.47
NLA12_OK-285	2012	1	9	10		0.76
NLA12_CA-107	2012	1	9	10		5.3
NLA12_DE-121	2012	1	9	10		0.575
NLA12_WV-105	2012	1	9	10		0.5
NLA12_MT-102	2012	2	9	10		6.45
NLA12_ME-101	2012	2	9	10	Y	3
NLA12_MT-105	2012	1	9	11		7.585
NLA12_CO-111	2012	1	9	11		0.76
NLA12_OR-126	2012	1	9	10		4.6
NLA12_OR-173	2012	1	9	11	Y	
NLA12_TX-159	2012	1	9	11		0.975
NLA12_OK-311	2012	1	9	11		1.245
NLA12_OK-101	2012	2	9	11		0.91
NLA12_CA-104	2012	1	9	11		8.78
NLA12_MT-111	2012	1	9	12		6.225
NLA12_OH-122	2012	1	9	13		0.735
NLA12_ME-137	2012	1	9	12		1.735
NLA12_IN-196	2012	1	9	12		4.05
NLA12_MA-102	2012	1	9	11	Y	
NLA12_WA-116	2012	1	9	12		2.7
NLA12_WA-104	2012	1	9	11		0.665
NLA12_MA-104	2012	1	9	12		0.85
NLA12_IL-111	2012	1	9	12		0.875
NLA12_CT-105	2012	1	9	12		1.1
NLA12_TN-106	2012	1	9	12		0.725
NLA12_OK-299	2012	2	9	12		1.775
NLA12_UT-264	2012	1	9	12	Y	2.25
NLA12_CO-103	2012	1	9	12		0.925
NLA12_PA-101	2012	2	9	12		5.3
NLA12_UT-343	2012	1	9	11		1.51
NLA12_UT-359	2012	1	9	12		0.225
NLA12_OR-103	2012	2	9	12	Y	
NLA12_TX-R08	2012	1	9	12		0.4
NLA12_IN-193	2012	1	9	12		3.15
NLA12_OR-121	2012	2	9	13		6.2
NLA12_MT-164	2012	2	9	13		5.6
NLA12_NJ-105	2012	1	9	13	Y	1.4
NLA12_NY-0101	2012	2	9	13		7.9
NLA12_TX-101	2012	2	9	13		0.11
NLA12_IN-199	2012	1	9	13		2.25
NLA12_WA-159	2012	1	9	13		2.86
NLA12_TN-122	2012	1	9	13		0.675
NLA12_MO-106	2012	1	9	13		0.5
NLA12_MA-106	2012	1	9	13		3.25
NLA12_IL-105	2012	1	9	13		1.175
NLA12_MA-109	2012	1	9	14		5.95
NLA12_NJ-106	2012	1	9	14		1.375
NLA12_DE-107	2012	1	9	13	Y	
NLA12_WY-101	2012	2	9	13	Y	1.15
NLA12_WY-137	2012	1	9	14	Y	
NLA12_CO-104	2012	1	9	14		0.27
NLA12_NY-0112	2012	1	9	14		1.95
NLA12_ME-113	2012	1	9	13		1.475
NLA12_MA-110	2012	1	9	16		2.95
NLA12_TN-119	2012	1	9	16		0.65
NLA12_TN-114	2012	2	9	14		1.05
NLA12_TN-108	2012	2	9	15		0.175
NLA12_MA-103	2012	1	9	17		1.85
NLA12_TN-103	2012	1	9	17		0.405
NLA12_DE-105	2012	2	9	17	Y	2.2
NLA12_IL-109	2012	2	9	18		0.675
NLA12_SD-146	2012	1	9	18	Y	1
NLA12_TN-101	2012	2	9	18		0.29
NLA12_WA-151	2012	1	9	18		6.48
NLA12_WY-147	2012	1	9	17		3.975
NLA12_OR-163	2012	1	9	17	Y	
NLA12_OR-158	2012	1	9	18		0.675
NLA12_OH-105	2012	1	9	18		0.23
NLA12_NJ-131	2012	2	9	18	Y	0.7
NLA12_MT-162	2012	1	9	18		5.65
NLA12_OH-113	2012	1	9	19		0.725
NLA12_IN-135	2012	1	9	18		1.7
NLA12_TX-232	2012	1	9	18		1.325
NLA12_NY-0103	2012	1	9	19	Y	
NLA12_AZ-102	2012	1	9	19	Y	
NLA12_IN-155	2012	1	9	19		6.45
NLA12_IN-201	2012	1	9	19		0.55
NLA12_MA-105	2012	2	9	20		1.15
NLA12_DE-101	2012	2	9	19		0.45
NLA12_TX-161	2012	1	9	19		0.4
NLA12_WA-133	2012	2	9	19		1.955
NLA12_NJ-101	2012	2	9	19		0.85
NLA12_MO-101	2012	2	9	20		0.51
NLA12_ND-R17	2012	1	9	20		2.15
NLA12_ND-R18	2012	1	9	20		1.05
NLA12_TN-104	2012	1	9	21		3.125
NLA12_TN-R01	2012	1	9	19		5
NLA12_TX-235	2012	1	9	20		0.8
NLA12_MA-101	2012	2	9	21		1.05
NLA12_NJ-R01	2012	1	9	20		0.75
NLA12_NJ-103	2012	1	9	21		0.75
NLA12_IN-202	2012	1	9	24		0.975
NLA12_CA-101	2012	2	9	24		1.145
NLA12_NJ-108	2012	1	9	25		1.05
NLA12_TX-129	2012	1	9	25		1.475
NLA12_IL-123	2012	1	9	25		0.16
NLA12_UT-397	2012	1	9	25	Y	1.7
NLA12_UT-412	2012	1	9	25		1.55
NLA12_TX-R09	2012	1	9	25		0.875
NLA12_UT-424	2012	1	9	26		1.15
NLA12_UT-392	2012	1	9	26		1.175
NLA12_IL-103	2012	2	9	26		0.82
NLA12_CA-223	2012	1	9	26		8.515
NLA12_WA-154	2012	1	9	25		1.42
NLA12_WA-110	2012	1	9	26		5.7
NLA12_UT-409	2012	1	9	27		0.205
NLA12_TX-234	2012	1	9	27		1.4
NLA12_TX-196	2012	1	9	27		0.365
NLA12_UT-400	2012	1	9	27		1.85
NLA12_MO-102	2012	1	9	27		1.505
NLA12_MS-R03	2012	1	6	6		0.55
NLA12_MS-119	2012	1	6	7		0.8
NLA12_TX-141	2012	1	6	18		5.6
NLA12_TX-169	2012	1	6	19	Y	
NLA12_OR-133	2012	1	6	20		2.1
NLA12_OR-131	2012	1	6	21		1.5
NLA12_TX-158	2012	1	6	24		0.475
NLA12_ID-107	2012	1	6	25		0.395
NLA12_VT-102	2012	1	6	26		5.15
NLA12_OR-101	2012	1	6	26		0.3
NLA12_TX-135	2012	1	6	26		0.385
NLA12_WI-101	2012	1	6	26		1.3
NLA12_ID-151	2012	1	6	27	N	0.25
NLA12_TX-110	2012	1	6	28		0.775
NLA12_WI-102	2012	1	6	27		7.35
NLA12_ID-109	2012	1	6	27	N	0.69
NLA12_ID-111	2012	1	6	28	N	1.7
NLA12_VT-106	2012	1	7	2		1.8
NLA12_WI-152	2012	1	7	2		4.5
NLA12_WI-113	2012	1	7	5		4.8
NLA12_MI-151	2012	1	7	9		2.925
NLA12_WI-117	2012	1	7	10		2.8
NLA12_MI-139	2012	1	7	10		2.025
NLA12_MI-124	2012	1	7	10		2.5
NLA12_TX-117	2012	2	7	10		0.29
NLA12_OR-106	2012	1	7	10		16.4
NLA12_WI-136	2012	1	7	11		2.1
NLA12_MI-109	2012	1	7	11		1.325
NLA12_TX-109	2012	1	7	11		1.35
NLA12_VT-109	2012	1	7	12	Y	
NLA12_MI-136	2012	1	7	12		2.25
NLA12_MI-105	2012	1	7	11		2.45
NLA12_CA-R09	2012	1	7	12	Y	
NLA12_MI-167	2012	1	7	12		2.425
NLA12_WI-168	2012	1	7	13		3.7
NLA12_TX-124	2012	1	7	13		0.93
NLA12_TX-148	2012	1	7	15		0.19
NLA12_WI-172	2012	1	7	14		0.55
NLA12_MI-108	2012	1	7	16		2.875
NLA12_ID-149	2012	1	7	15		1.05
NLA12_ID-148	2012	1	7	16		2.275
NLA12_ID-103	2012	1	7	14		2.05
NLA12_MI-104	2012	1	7	17		2.075
NLA12_VT-104	2012	1	7	17		5.3
NLA12_MI-120	2012	1	7	17		1.65
NLA12_TX-103	2012	1	7	17		0.75
NLA12_MI-152	2012	1	7	18		1.625
NLA12_MI-128	2012	1	7	18		3.675
NLA12_MI-168	2012	1	7	19		0.825
NLA12_MI-112	2012	1	7	19		1.025
NLA12_MI-115	2012	1	7	19		1.75
NLA12_WI-131	2012	1	7	18		1.65
NLA12_WI-154	2012	1	7	16		1.05
NLA12_NE-109	2012	1	7	20		0.625
NLA12_NE-103	2012	1	7	19		0.24
NLA12_NE-114	2012	1	7	22		0.325
NLA12_WA-106	2012	1	7	24		0.9
NLA12_NE-104	2012	1	7	23		0.33
NLA12_MI-117	2012	1	7	24		3.415
NLA12_MI-102	2012	1	7	24		1.525
NLA12_NE-133	2012	1	7	24	Y	1.23
NLA12_MI-110	2012	1	7	25		5.075
NLA12_MI-129	2012	1	7	25		3.125
NLA12_VT-114	2012	1	7	26		6.15
NLA12_MI-123	2012	1	7	26		2.95
NLA12_MI-161	2012	1	7	26		1.225
NLA12_WI-166	2012	1	7	26	Y	1.8
NLA12_MI-165	2012	1	7	27		1.825
NLA12_MI-162	2012	1	7	30		4.575
NLA12_MI-132	2012	1	7	31		2.125
NLA12_MI-118	2012	1	7	31		4.85
NLA12_WA-107	2012	1	7	31		1
NLA12_WI-112	2012	1	7	19		2.75
NLA12_WI-108	2012	1	7	30		1.05
NLA12_VT-101	2012	2	8	1		5.15
NLA12_MI-169	2012	1	8	1		0.975
NLA12_MI-148	2012	1	8	1		6.05
NLA12_WA-129	2012	1	8	1	Y	
NLA12_WI-155	2012	1	8	1		1.1
NLA12_WI-103	2012	1	8	1		3.05
NLA12_MI-137	2012	1	8	2		3.075
NLA12_WI-151	2012	1	7	31		2.4
NLA12_WI-127	2012	1	8	2		0.15
NLA12_MI-164	2012	1	8	3		0.525
NLA12_WI-104	2012	1	7	17		4.75
NLA12_ID-143	2012	1	8	6		1.575
NLA12_MI-116	2012	1	8	7		1.125
NLA12_ID-216	2012	1	8	7		0.225
NLA12_WI-129	2012	1	8	7		1.9
NLA12_NH-115	2012	1	8	7	Y	
NLA12_MI-141	2012	1	8	8		3.925
NLA12_WA-131	2012	1	8	8		4.425
NLA12_WI-107	2012	1	8	8		1.2
NLA12_WA-111	2012	1	8	9		3.15
NLA12_ID-214	2012	1	8	8		1.05
NLA12_WI-120	2012	1	8	9		0.35
NLA12_VT-115	2012	1	8	13		2
NLA12_WI-128	2012	1	7	25		1.55
NLA12_MI-138	2012	1	8	14		2.975
NLA12_WI-110	2012	1	8	13		6.2
NLA12_MI-122	2012	1	8	14		8.8
NLA12_MI-133	2012	1	8	15		5.95
NLA12_MI-107	2012	1	8	15		3.025
NLA12_WI-101	2012	2	8	15		0.55
NLA12_MI-106	2012	1	8	16		3.075
NLA12_MI-126	2012	1	8	16		4.1
NLA12_ID-221	2012	1	8	16		0.6
NLA12_ID-218	2012	1	8	15		6.725
NLA12_ID-180	2012	1	8	14	Y	
NLA12_MI-130	2012	1	8	17		2.75
NLA12_MI-103	2012	1	8	17		3.3
NLA12_MI-142	2012	1	8	21		1.425
NLA12_MI-101	2012	2	8	21		2.85
NLA12_MI-139	2012	2	8	22		2.105
NLA12_VT-110	2012	1	8	22		4.6
NLA12_MI-113	2012	1	8	22		4.075
NLA12_ID-220	2012	1	8	22	Y	5.85
NLA12_ID-205	2012	1	8	21		1.35
NLA12_MI-145	2012	1	8	23		3.015
NLA12_MI-172	2012	1	8	23		4.875
NLA12_WI-138	2012	1	8	27		2.9
NLA12_WI-163	2012	1	8	28		0.5
NLA12_MI-177	2012	1	8	28	Y	
NLA12_WI-106	2012	1	8	28		1
NLA12_WI-171	2012	1	8	29		3.65
NLA12_FL-R04	2012	1	8	15		0.975
NLA12_MI-178	2012	1	8	29	Y	
NLA12_WI-147	2012	1	8	30		0.95
NLA12_WA-147	2012	1	8	7		7.2
NLA12_WI-176	2012	1	9	10		5.8
NLA12_WI-170	2012	1	9	11		1.55
NLA12_WI-112	2012	2	9	12	Y	
NLA12_WY-151	2012	1	9	15		2.675
NLA12_WI-173	2012	1	9	18		0.65
NLA12_WI-188	2012	1	9	17		0.275
NLA12_OR-167	2012	1	9	19		1.175
NLA12_WI-142	2012	1	9	25		0.45
NLA12_WI-153	2012	1	9	27		0.45
NLA12_WI-183	2012	1	9	26		4.25
NLA12_WI-174	2012	1	9	24		1.25
NLA12_WI-122	2012	1	9	20	Y	
NLA12_WI-157	2012	1	9	19		1.95
