"","NLA_ID","station","temp_mean_min_1m","date","latitude","longitude"
"1","NLA06608-0001-2007","NLA06608-0001",4,"2007-7-31",48.97902855,-114.0218399
"2","NLA06608-0005-2007","NLA06608-0005",4,"2007-7-18",43.92920926,-114.8403862
"3","NLA06608-0006-2007","NLA06608-0006",4,"2007-7-17",41.68314624,-73.1465177
"4","NLA06608-0007-2007","NLA06608-0007",4,"2007-7-24",45.58064546,-92.04001797
"5","NLA06608-0008-2007","NLA06608-0008",4,"2007-7-12",41.29211104,-93.59040488
"6","NLA06608-0010-2007","NLA06608-0010",4,"2007-7-17",42.61823014,-83.50588771
"7","NLA06608-0016-2007","NLA06608-0016",4,"2007-6-27",41.03025217,-100.7797567
"8","NLA06608-0021-2007","NLA06608-0021",4,"2007-7-27",42.77191973,-77.3095481
"9","NLA06608-0037-2007","NLA06608-0037",4,"2007-7-13",41.69699293,-73.36398551
"10","NLA06608-0038-2007","NLA06608-0038",4,"2007-7-12",44.79759122,-71.86971736
"11","NLA06608-0042-2007","NLA06608-0042",4,"2007-6-22",44.45823517,-107.0403753
"12","NLA06608-0043-2007","NLA06608-0043",4,"2007-7-31",41.553395,-85.44424168
"13","NLA06608-0049-2007","NLA06608-0049",4,"2007-8-15",45.06232667,-117.1533553
"14","NLA06608-0050-2007","NLA06608-0050",4,"2007-7-2",43.44601793,-71.80868659
"15","NLA06608-0053-2007","NLA06608-0053",4,"2007-8-23",43.55819295,-73.43960723
"16","NLA06608-0062-2007","NLA06608-0062",4,"2007-8-9",47.32067994,-99.74629427
"17","NLA06608-0064-2007","NLA06608-0064",4,"2007-6-18",48.8940613,-112.1680165
"18","NLA06608-0065-2007","NLA06608-0065",4,"2007-7-17",48.96243381,-115.116608
"19","NLA06608-0081-2007","NLA06608-0081",8.18666666666667,"2007-7-3",48.22612028,-122.1241675
"20","NLA06608-0086-2007","NLA06608-0086",4,"2007-8-2",45.61657075,-122.4260347
"21","NLA06608-0090-2007","NLA06608-0090",4,"2007-6-26",42.93075473,-109.6534609
"22","NLA06608-0091-2007","NLA06608-0091",4,"2007-7-10",41.36944118,-87.43213825
"23","NLA06608-0099-2007","NLA06608-0099",4,"2007-7-3",43.09951588,-88.45255303
"24","NLA06608-0101-2007","NLA06608-0101",4,"2007-8-21",42.02167966,-73.48227989
"25","NLA06608-0102-2007","NLA06608-0102",4,"2007-8-3",44.50713663,-70.72328312
"26","NLA06608-0107-2007","NLA06608-0107",4,"2007-6-25",41.65016117,-85.08175821
"27","NLA06608-0110-2007","NLA06608-0110",4,"2007-7-31",46.86973364,-95.72856324
"28","NLA06608-0111-2007","NLA06608-0111",4,"2007-8-1",41.13540548,-81.13692241
"29","NLA06608-0113-2007","NLA06608-0113",4,"2007-7-16",44.71864202,-72.23412171
"30","NLA06608-0115-2007","NLA06608-0115",4,"2007-7-18",44.32355428,-89.19099056
"31","NLA06608-0126-2007","NLA06608-0126",4,"2007-6-21",47.19305824,-99.32424356
"32","NLA06608-0129-2007","NLA06608-0129",4,"2007-7-21",48.21240982,-114.5994561
"33","NLA06608-0134-2007","NLA06608-0134",4,"2007-7-24",41.88000298,-73.04056323
"34","NLA06608-0139-2007","NLA06608-0139",4,"2007-7-11",41.17205162,-85.93794192
"35","NLA06608-0142-2007","NLA06608-0142",4,"2007-8-13",45.99791162,-89.54369029
"36","NLA06608-0149-2007","NLA06608-0149",4,"2007-7-18",41.63340269,-76.84081042
"37","NLA06608-0150-2007","NLA06608-0150",4,"2007-8-2",44.84955975,-69.2311707
"38","NLA06608-0155-2007","NLA06608-0155",4,"2007-7-31",42.37328848,-88.12714851
"39","NLA06608-0158-2007","NLA06608-0158",4,"2007-9-5",45.88100581,-91.24994528
"40","NLA06608-0162-2007","NLA06608-0162",4,"2007-8-28",42.73356694,-72.10321054
"41","NLA06608-0170-2007","NLA06608-0170",4,"2007-9-21",43.9911006,-86.10688883
"42","NLA06608-0174-2007","NLA06608-0174",4,"2007-7-25",46.25212358,-96.0363618
"43","NLA06608-0177-2007","NLA06608-0177",4,"2007-8-22",43.89203643,-73.05232335
"44","NLA06608-0183-2007","NLA06608-0183",4,"2007-7-25",45.32624711,-92.42496232
"45","NLA06608-0185-2007","NLA06608-0185",4,"2007-8-14",41.11130456,-75.45750462
"46","NLA06608-0189-2007","NLA06608-0189",4,"2007-6-11",40.02942387,-80.57939847
"47","NLA06608-0190-2007","NLA06608-0190",4,"2007-8-14",47.67254307,-93.75949137
"48","NLA06608-0198-2007","NLA06608-0198",4,"2007-7-24",41.71307603,-70.08954132
"49","NLA06608-0209-2007","NLA06608-0209",4,"2007-7-19",47.57601003,-122.0836788
"50","NLA06608-0215-2007","NLA06608-0215",4,"2007-8-22",45.2593824,-94.96441345
"51","NLA06608-0219-2007","NLA06608-0219",4,"2007-8-1",41.40043649,-85.37102925
"52","NLA06608-0222-2007","NLA06608-0222",4,"2007-6-27",48.40689317,-102.9398075
"53","NLA06608-0225-2007","NLA06608-0225",4,"2007-7-11",47.48039976,-112.5389845
"54","NLA06608-0226-2007","NLA06608-0226",4,"2007-7-9",43.19952563,-71.24740864
"55","NLA06608-0229-2007","NLA06608-0229",4,"2007-9-13",43.95295544,-74.449008
"56","NLA06608-0234-2007","NLA06608-0234",4,"2007-8-23",43.21855689,-85.46799659
"57","NLA06608-0235-2007","NLA06608-0235",4,"2007-7-16",41.3229061,-85.75477789
"58","NLA06608-0238-2007","NLA06608-0238",4,"2007-7-11",46.57881675,-94.17531685
"59","NLA06608-0240-2007","NLA06608-0240",4,"2007-7-25",48.47756954,-107.5902123
"60","NLA06608-0241-2007","NLA06608-0241",4,"2007-8-15",42.29154287,-111.7292621
"61","NLA06608-0242-2007","NLA06608-0242",4,"2007-8-2",41.56832304,-71.91051169
"62","NLA06608-0243-2007","NLA06608-0243",4,"2007-7-18",44.73647289,-100.7421974
"63","NLA06608-0247-2007","NLA06608-0247",4,"2007-7-17",43.53474213,-96.96004
"64","NLA06608-0254-2007","NLA06608-0254",4,"2007-6-21",47.96678307,-99.09494995
"65","NLA06608-0257-2007","NLA06608-0257",4,"2007-7-18",48.54139505,-115.2253416
"66","NLA06608-0275-2007","NLA06608-0275",4,"2007-6-21",46.27199075,-99.38087643
"67","NLA06608-0277-2007","NLA06608-0277",4,"2007-7-20",42.6781739,-113.4006122
"68","NLA06608-0279-2007","NLA06608-0279",4,"2007-8-8",44.19244227,-93.8978566
"69","NLA06608-0286-2007","NLA06608-0286",4,"2007-8-8",46.15225085,-88.82970363
"70","NLA06608-0290-2007","NLA06608-0290",4,"2007-7-11",42.19565154,-120.5256858
"71","NLA06608-0291-2007","NLA06608-0291",4,"2007-7-11",43.81382063,-88.99784821
"72","NLA06608-0293-2007","NLA06608-0293",4,"2007-7-25",41.38426053,-73.50316356
"73","NLA06608-0294-2007","NLA06608-0294",4,"2007-6-26",44.95223074,-72.11517323
"74","NLA06608-0295-2007","NLA06608-0295",4,"2007-6-26",45.18747233,-97.63176411
"75","NLA06608-0299-2007","NLA06608-0299",4,"2007-7-30",41.45660059,-85.2449775
"76","NLA06608-0302-2007","NLA06608-0302",4,"2007-6-23",45.91703876,-97.02426153
"77","NLA06608-0303-2007","NLA06608-0303",4,"2007-8-7",41.08805669,-82.72837965
"78","NLA06608-0318-2007","NLA06608-0318",4,"2007-7-20",47.46148555,-92.43469487
"79","NLA06608-0326-2007","NLA06608-0326",4,"2007-8-16",41.35719487,-72.04012641
"80","NLA06608-0330-2007","NLA06608-0330",4,"2007-9-5",45.06291593,-83.45698555
"81","NLA06608-0333-2007","NLA06608-0333",4,"2007-7-24",40.62803319,-74.85056841
"82","NLA06608-0334-2007","NLA06608-0334",4,"2007-6-27",48.31405586,-100.758717
"83","NLA06608-0337-2007","NLA06608-0337",4.69032258064516,"2007-7-12",48.39382391,-122.6562431
"84","NLA06608-0339-2007","NLA06608-0339",4,"2007-6-25",46.11443869,-99.42452982
"85","NLA06608-0341-2007","NLA06608-0341",4,"2007-9-18",43.20849339,-75.93516194
"86","NLA06608-0343-2007","NLA06608-0343",4,"2007-8-21",44.87173399,-96.63532038
"87","NLA06608-0344-2007","NLA06608-0344",4,"2007-7-5",40.96440578,-96.87657153
"88","NLA06608-0350-2007","NLA06608-0350",4,"2007-8-9",45.7646886,-90.6606696
"89","NLA06608-0354-2007","NLA06608-0354",4,"2007-7-19",42.51316899,-71.80704144
"90","NLA06608-0357-2007","NLA06608-0357",4,"2007-7-27",42.31280493,-73.13778739
"91","NLA06608-0358-2007","NLA06608-0358",4,"2007-7-17",44.84025867,-71.13479653
"92","NLA06608-0359-2007","NLA06608-0359",4,"2007-7-10",45.40860134,-96.62636247
"93","NLA06608-0363-2007","NLA06608-0363",4,"2007-7-21",41.93460679,-85.33088977
"94","NLA06608-0366-2007","NLA06608-0366",4,"2007-7-31",46.94267011,-95.26723865
"95","NLA06608-0367-2007","NLA06608-0367",4,"2007-8-23",41.36496934,-81.22089462
"96","NLA06608-0369-2007","NLA06608-0369",4,"2007-7-26",44.58635561,-72.31186438
"97","NLA06608-0377-2007","NLA06608-0377",4,"2007-7-12",40.86340465,-76.77414252
"98","NLA06608-0378-2007","NLA06608-0378",4,"2007-6-26",47.55716773,-112.4475051
"99","NLA06608-0386-2007","NLA06608-0386",4,"2007-8-7",40.49157546,-78.46066192
"100","NLA06608-0399-2007","NLA06608-0399",4,"2007-7-16",42.42304224,-83.99670111
"101","NLA06608-0401-2007","NLA06608-0401",4,"2007-8-27",47.17784258,-68.23140034
"102","NLA06608-0402-2007","NLA06608-0402",4,"2007-6-26",42.88974892,-124.0780934
"103","NLA06608-0403-2007","NLA06608-0403",4,"2007-8-6",47.39595432,-94.56183848
"104","NLA06608-0405-2007","NLA06608-0405",4,"2007-8-30",41.97137282,-75.87948445
"105","NLA06608-0406-2007","NLA06608-0406",4,"2007-8-21",45.18038118,-121.7044304
"106","NLA06608-0407-2007","NLA06608-0407",4,"2007-7-23",45.09335555,-97.75438416
"107","NLA06608-0421-2007","NLA06608-0421",4,"2007-6-28",43.09504296,-73.76674325
"108","NLA06608-0426-2007","NLA06608-0426",4,"2007-9-17",43.8382238,-85.07388127
"109","NLA06608-0433-2007","NLA06608-0433",4,"2007-8-9",44.52251138,-73.29262702
"110","NLA06608-0435-2007","NLA06608-0435",4,"2007-7-23",45.16826567,-90.69813817
"111","NLA06608-0442-2007","NLA06608-0442",4,"2007-8-14",48.28610194,-101.9047579
"112","NLA06608-0445-2007","NLA06608-0445",4,"2007-6-28",40.04075657,-81.01548859
"113","NLA06608-0449-2007","NLA06608-0449",4,"2007-7-26",48.13580369,-117.6915241
"114","NLA06608-0462-2007","NLA06608-0462",4,"2007-8-20",46.19906329,-89.29397704
"115","NLA06608-0463-2007","NLA06608-0463",4,"2007-8-19",42.21176414,-83.52098213
"116","NLA06608-0467-2007","NLA06608-0467",4,"2007-7-9",43.54592149,-89.36445641
"117","NLA06608-0469-2007","NLA06608-0469",4,"2007-8-29",41.90973411,-75.33783928
"118","NLA06608-0470-2007","NLA06608-0470",4,"2007-7-24",43.62308804,-71.2654292
"119","NLA06608-0471-2007","NLA06608-0471",4,"2007-6-25",45.44015743,-97.2623188
"120","NLA06608-0494-2007","NLA06608-0494",4,"2007-7-11",46.82219046,-94.53354023
"121","NLA06608-0497-2007","NLA06608-0497",4,"2007-8-17",42.10765269,-111.8159376
"122","NLA06608-0498-2007","NLA06608-0498",4,"2007-7-31",41.95095517,-71.95133091
"123","NLA06608-0502-2007","NLA06608-0502",4,"2007-8-18",42.82731383,-83.7469401
"124","NLA06608-0509-2007","NLA06608-0509",4,"2007-6-20",40.46163354,-79.56745425
"125","NLA06608-0510-2007","NLA06608-0510",4,"2007-6-27",48.24775379,-98.8914836
"126","NLA06608-0512-2007","NLA06608-0512",4,"2007-8-13",48.92434782,-100.3053493
"127","NLA06608-0514-2007","NLA06608-0514",6.33333333333333,"2007-7-24",40.35740927,-78.11907346
"128","NLA06608-0515-2007","NLA06608-0515",4,"2007-6-28",46.02793009,-98.94484753
"129","NLA06608-0523-2007","NLA06608-0523",4,"2007-7-16",43.92368969,-96.95103624
"130","NLA06608-0526-2007","NLA06608-0526",4,"2007-7-18",47.94850085,-91.39296143
"131","NLA06608-0528-2007","NLA06608-0528",4,"2007-6-28",40.69518018,-99.85563998
"132","NLA06608-0529-2007","NLA06608-0529",4,"2007-9-4",47.18441442,-119.3639845
"133","NLA06608-0533-2007","NLA06608-0533",4,"2007-7-18",42.25218027,-78.29237084
"134","NLA06608-0546-2007","NLA06608-0546",4,"2007-7-18",42.35496664,-71.47978934
"135","NLA06608-0547-2007","NLA06608-0547",4,"2007-7-31",44.20672826,-89.83486415
"136","NLA06608-0550-2007","NLA06608-0550",4,"2007-8-1",43.9575273,-71.96791311
"137","NLA06608-0551-2007","NLA06608-0551",4,"2007-8-20",45.10823473,-94.16801923
"138","NLA06608-0555-2007","NLA06608-0555",4,"2007-7-23",41.72092858,-85.00769013
"139","NLA06608-0558-2007","NLA06608-0558",4,"2007-8-9",46.76330385,-96.21518776
"140","NLA06608-0561-2007","NLA06608-0561",4,"2007-8-9",44.9484358,-116.0893222
"141","NLA06608-0562-2007","NLA06608-0562",4,"2007-7-13",41.68686806,-71.61087837
"142","NLA06608-0570-2007","NLA06608-0570",4,"2007-7-27",45.44213549,-109.2242066
"143","NLA06608-0581-2007","NLA06608-0581",4,"2007-7-3",43.25263859,-114.3827885
"144","NLA06608-0582-2007","NLA06608-0582",4,"2007-7-19",41.80079367,-72.52468392
"145","NLA06608-0587-2007","NLA06608-0587",4,"2007-7-9",41.2184867,-86.59115603
"146","NLA06608-0590-2007","NLA06608-0590",4,"2007-8-7",45.9076374,-89.91696268
"147","NLA06608-0593-2007","NLA06608-0593",4,"2007-7-10",48.70867836,-122.3277089
"148","NLA06608-0595-2007","NLA06608-0595",4,"2007-6-12",45.81215092,-99.76603988
"149","NLA06608-0597-2007","NLA06608-0597",4,"2007-7-9",43.54705816,-116.6654946
"150","NLA06608-0606-2007","NLA06608-0606",4,"2007-8-8",45.97262852,-90.50816425
"151","NLA06608-0610-2007","NLA06608-0610",4,"2007-8-2",42.69132092,-71.3703595
"152","NLA06608-0611-2007","NLA06608-0611",4,"2007-7-2",42.9654707,-89.25185174
"153","NLA06608-0614-2007","NLA06608-0614",4,"2007-6-27",43.37864455,-123.2686178
"154","NLA06608-0619-2007","NLA06608-0619",4,"2007-7-18",42.32382664,-85.4673404
"155","NLA06608-0623-2007","NLA06608-0623",4,"2007-6-20",41.06227132,-81.31730025
"156","NLA06608-0625-2007","NLA06608-0625",4,"2007-9-19",44.9542938,-118.185992
"157","NLA06608-0627-2007","NLA06608-0627",4,"2007-7-19",44.88675167,-88.48011849
"158","NLA06608-0630-2007","NLA06608-0630",4,"2007-7-30",46.30058363,-87.77935818
"159","NLA06608-0634-2007","NLA06608-0634",4,"2007-8-22",47.92494929,-101.229344
"160","NLA06608-0635-2007","NLA06608-0635",4,"2007-8-22",40.33649731,-105.1268527
"161","NLA06608-0637-2007","NLA06608-0637",4,"2007-8-6",40.13391202,-111.0580729
"162","NLA06608-0641-2007","NLA06608-0641",4,"2007-7-25",48.41877337,-117.6640499
"163","NLA06608-0650-2007","NLA06608-0650",4,"2007-7-25",44.64209925,-111.3963618
"164","NLA06608-0657-2007","NLA06608-0657",4,"2007-9-13",46.16790978,-69.00206052
"165","NLA06608-0658-2007","NLA06608-0658",7.17903225806452,"2007-7-26",44.02383508,-124.0796101
"166","NLA06608-0659-2007","NLA06608-0659",4,"2007-6-26",48.18807378,-98.0662251
"167","NLA06608-0661-2007","NLA06608-0661",4,"2007-8-8",41.55549527,-75.70704866
"168","NLA06608-0662-2007","NLA06608-0662",4,"2007-8-7",45.0802966,-71.35188791
"169","NLA06608-0671-2007","NLA06608-0671",4,"2007-8-16",40.68974933,-110.3847622
"170","NLA06608-0674-2007","NLA06608-0674",4,"2007-7-26",42.54198776,-72.95778821
"171","NLA06608-0677-2007","NLA06608-0677",4,"2007-7-17",42.77239407,-118.446839
"172","NLA06608-0678-2007","NLA06608-0678",4,"2007-8-7",43.96358712,-121.7804825
"173","NLA06608-0679-2007","NLA06608-0679",4,"2007-6-27",44.90724118,-93.24237251
"174","NLA06608-0690-2007","NLA06608-0690",4,"2007-7-3",41.98943091,-71.5975535
"175","NLA06608-0692-2007","NLA06608-0692",4,"2007-7-10",40.67141407,-99.05552208
"176","NLA06608-0707-2007","NLA06608-0707",4,"2007-7-12",46.89269882,-99.41665043
"177","NLA06608-0710-2007","NLA06608-0710",4,"2007-7-24",41.76026908,-70.65792119
"178","NLA06608-0715-2007","NLA06608-0715",4,"2007-7-6",40.21848571,-105.3784913
"179","NLA06608-0721-2007","NLA06608-0721",4,"2007-7-5",46.49728658,-122.4056376
"180","NLA06608-0726-2007","NLA06608-0726",4,"2007-8-14",43.83495077,-71.09335145
"181","NLA06608-0727-2007","NLA06608-0727",4,"2007-6-23",45.63873346,-97.34187361
"182","NLA06608-0731-2007","NLA06608-0731",4,"2007-8-7",41.33744108,-85.59855169
"183","NLA06608-0734-2007","NLA06608-0734",4,"2007-7-24",47.12976263,-88.31643187
"184","NLA06608-0738-2007","NLA06608-0738",4,"2007-8-16",43.17765587,-72.06616228
"185","NLA06608-0743-2007","NLA06608-0743",4,"2007-6-26",45.28365031,-93.84703784
"186","NLA06608-0753-2007","NLA06608-0753",4,"2007-7-19",42.34421131,-79.32038612
"187","NLA06608-0754-2007","NLA06608-0754",4,"2007-7-2",42.00008215,-71.76889368
"188","NLA06608-0755-2007","NLA06608-0755",4,"2007-6-20",45.17198582,-100.0637661
"189","NLA06608-0761-2007","NLA06608-0761",4,"2007-9-6",40.76263285,-74.28597177
"190","NLA06608-0762-2007","NLA06608-0762",4,"2007-8-16",47.61486601,-100.8270609
"191","NLA06608-0764-2007","NLA06608-0764",4,"2007-6-26",41.21443378,-101.6522363
"192","NLA06608-0766-2007","NLA06608-0766",4,"2007-7-18",47.07388772,-98.58682039
"193","NLA06608-0769-2007","NLA06608-0769",4,"2007-7-24",47.46561683,-116.6021502
"194","NLA06608-0771-2007","NLA06608-0771",4,"2007-8-13",46.43678101,-93.95778373
"195","NLA06608-0781-2007","NLA06608-0781",4,"2007-7-26",40.95244606,-74.78073603
"196","NLA06608-0782-2007","NLA06608-0782",4,"2007-7-31",47.97490008,-90.74589983
"197","NLA06608-0785-2007","NLA06608-0785",4,"2007-9-12",46.87138943,-119.5708717
"198","NLA06608-0794-2007","NLA06608-0794",4,"2007-6-9",42.94295938,-109.8067241
"199","NLA06608-0802-2007","NLA06608-0802",4,"2007-7-20",42.7054837,-71.92427314
"200","NLA06608-0805-2007","NLA06608-0805",4,"2007-8-22",41.89706027,-73.4471959
"201","NLA06608-0806-2007","NLA06608-0806",4,"2007-9-7",44.32604728,-72.33303748
"202","NLA06608-0807-2007","NLA06608-0807",4,"2007-7-11",45.4544983,-97.67084235
"203","NLA06608-0811-2007","NLA06608-0811",4,"2007-7-23",41.58503646,-84.93075504
"204","NLA06608-0823-2007","NLA06608-0823",4,"2007-7-26",45.50212807,-92.42758598
"205","NLA06608-0833-2007","NLA06608-0833",4,"2007-8-7",48.90066286,-113.79482
"206","NLA06608-0837-2007","NLA06608-0837",4,"2007-7-19",43.32535916,-113.9237405
"207","NLA06608-0842-2007","NLA06608-0842",4,"2007-8-1",44.98259563,-109.5385322
"208","NLA06608-0846-2007","NLA06608-0846",4,"2007-8-28",45.70558294,-89.89123137
"209","NLA06608-0847-2007","NLA06608-0847",4,"2007-8-30",40.52821138,-84.49692799
"210","NLA06608-0849-2007","NLA06608-0849",4,"2007-7-31",48.09040077,-124.6325273
"211","NLA06608-0850-2007","NLA06608-0850",4,"2007-8-7",40.76400873,-111.3907566
"212","NLA06608-0851-2007","NLA06608-0851",4,"2007-6-5",45.77329011,-99.64100853
"213","NLA06608-0859-2007","NLA06608-0859",4,"2007-7-5",42.78877715,-88.21979209
"214","NLA06608-0860-2007","NLA06608-0860",4,"2007-7-19",41.77555566,-91.58457902
"215","NLA06608-0862-2007","NLA06608-0862",4,"2007-8-8",46.13959313,-90.20943735
"216","NLA06608-0863-2007","NLA06608-0863",4,"2007-7-2",40.55157389,-81.23795266
"217","NLA06608-0870-2007","NLA06608-0870",4,"2007-8-9",44.31668637,-122.0463775
"218","NLA06608-0874-2007","NLA06608-0874",4,"2007-8-30",43.49984691,-86.02363273
"219","NLA06608-0875-2007","NLA06608-0875",4,"2007-9-14",42.42600499,-84.93952274
"220","NLA06608-0878-2007","NLA06608-0878",4,"2007-8-1",46.41279009,-95.49202478
"221","NLA06608-0881-2007","NLA06608-0881",4,"2007-7-30",44.68029866,-118.0456408
"222","NLA06608-0889-2007","NLA06608-0889",4,"2007-7-11",41.21839793,-116.5205894
"223","NLA06608-0890-2007","NLA06608-0890",4,"2007-7-30",48.04237609,-90.41206384
"224","NLA06608-0891-2007","NLA06608-0891",4,"2007-8-18",41.22739765,-103.8250886
"225","NLA06608-0893-2007","NLA06608-0893",4,"2007-6-28",40.4600301,-81.16283175
"226","NLA06608-0899-2007","NLA06608-0899",4,"2007-6-20",46.64962378,-99.42139052
"227","NLA06608-0904-2007","NLA06608-0904",4,"2007-7-31",42.30712511,-96.33164966
"228","NLA06608-0906-2007","NLA06608-0906",4,"2007-6-12",43.64334502,-110.796597
"229","NLA06608-0913-2007","NLA06608-0913",4,"2007-9-6",46.36895187,-69.22774755
"230","NLA06608-0914-2007","NLA06608-0914",4,"2007-8-2",44.7665922,-67.69930253
"231","NLA06608-0918-2007","NLA06608-0918",4,"2007-8-14",45.63536489,-70.35478251
"232","NLA06608-0922-2007","NLA06608-0922",4,"2007-6-8",44.46680722,-106.7540577
"233","NLA06608-0926-2007","NLA06608-0926",4,"2007-8-6",46.27836202,-91.03611959
"234","NLA06608-0927-2007","NLA06608-0927",4,"2007-8-15",40.19262068,-109.6839624
"235","NLA06608-0929-2007","NLA06608-0929",4,"2007-6-16",46.17967552,-113.2957121
"236","NLA06608-0930-2007","NLA06608-0930",4,"2007-8-21",43.53424744,-71.50524998
"237","NLA06608-0933-2007","NLA06608-0933",4,"2007-7-31",43.92762751,-118.1504274
"238","NLA06608-0934-2007","NLA06608-0934",4,"2007-8-28",43.73612725,-122.0382458
"239","NLA06608-0935-2007","NLA06608-0935",4,"2007-8-6",44.6510154,-93.4604842
"240","NLA06608-0938-2007","NLA06608-0938",4,"2007-8-7",43.23106073,-86.2884379
"241","NLA06608-0942-2007","NLA06608-0942",4,"2007-7-10",47.07143625,-94.60247265
"242","NLA06608-0944-2007","NLA06608-0944",4,"2007-6-24",48.20653603,-108.0879027
"243","NLA06608-0946-2007","NLA06608-0946",4,"2007-8-14",41.83996337,-72.19612696
"244","NLA06608-0950-2007","NLA06608-0950",4,"2007-8-2",43.16774073,-108.1947009
"245","NLA06608-0955-2007","NLA06608-0955",4,"2007-6-3",41.17631286,-105.2328863
"246","NLA06608-0958-2007","NLA06608-0958",4,"2007-8-15",47.5916096,-93.39164891
"247","NLA06608-0961-2007","NLA06608-0961",4,"2007-7-25",47.48939455,-116.6865573
"248","NLA06608-0962-2007","NLA06608-0962",4,"2007-7-17",41.51816888,-111.7317
"249","NLA06608-0970-2007","NLA06608-0970",4,"2007-6-10",43.0004446,-109.8706018
"250","NLA06608-0971-2007","NLA06608-0971",4,"2007-7-26",40.11693151,-85.28406916
"251","NLA06608-0974-2007","NLA06608-0974",4,"2007-7-16",46.47568516,-88.19188615
"252","NLA06608-0979-2007","NLA06608-0979",4,"2007-5-30",43.76802869,-103.5206581
"253","NLA06608-0982-2007","NLA06608-0982",4,"2007-8-14",44.44651471,-71.81133018
"254","NLA06608-0987-2007","NLA06608-0987",4,"2007-7-30",41.5778835,-85.66354429
"255","NLA06608-0990-2007","NLA06608-0990",4,"2007-7-30",46.23667971,-94.33981178
"256","NLA06608-0993-2007","NLA06608-0993",4,"2007-9-20",44.15403952,-74.44475781
"257","NLA06608-0994-2007","NLA06608-0994",4,"2007-8-23",43.10063504,-72.08861587
"258","NLA06608-0997-2007","NLA06608-0997",4,"2007-8-3",43.7347358,-73.1843614
"259","NLA06608-1003-2007","NLA06608-1003",4,"2007-7-23",42.08118015,-86.21029029
"260","NLA06608-1006-2007","NLA06608-1006",4,"2007-6-19",47.23309947,-100.0594809
"261","NLA06608-1008-2007","NLA06608-1008",4,"2007-7-12",47.88008342,-112.3069538
"262","NLA06608-1010-2007","NLA06608-1010",4,"2007-8-9",41.44985958,-73.28915784
"263","NLA06608-1014-2007","NLA06608-1014",4,"2007-9-13",42.58198097,-83.84598941
"264","NLA06608-1015-2007","NLA06608-1015",4,"2007-8-14",43.13964644,-94.66049019
"265","NLA06608-1022-2007","NLA06608-1022",4,"2007-7-10",47.13645291,-99.05940629
"266","NLA06608-1024-2007","NLA06608-1024",4,"2007-8-7",48.8960231,-99.71392205
"267","NLA06608-1034-2007","NLA06608-1034",4,"2007-8-16",42.74496123,-83.3105724
"268","NLA06608-1035-2007","NLA06608-1035",4,"2007-8-14",43.30580348,-94.69023855
"269","NLA06608-1037-2007","NLA06608-1037",4.20645161290323,"2007-9-5",40.30650105,-74.13720525
"270","NLA06608-1038-2007","NLA06608-1038",4,"2007-8-3",47.76285371,-91.60874473
"271","NLA06608-1041-2007","NLA06608-1041",4,"2007-8-16",47.72869709,-119.5926045
"272","NLA06608-1045-2007","NLA06608-1045",4,"2007-8-29",42.49353258,-77.14037466
"273","NLA06608-1057-2007","NLA06608-1057",4,"2007-8-14",47.26690206,-121.094003
"274","NLA06608-1058-2007","NLA06608-1058",4,"2007-9-5",42.36491565,-122.2142097
"275","NLA06608-1059-2007","NLA06608-1059",4,"2007-7-30",44.00551584,-88.41583313
"276","NLA06608-1070-2007","NLA06608-1070",4,"2007-7-11",46.09726783,-97.23731774
"277","NLA06608-1073-2007","NLA06608-1073",4,"2007-8-13",45.22936379,-117.2723703
"278","NLA06608-1075-2007","NLA06608-1075",4,"2007-8-27",45.35264891,-89.47240376
"279","NLA06608-1086-2007","NLA06608-1086",4,"2007-8-27",47.34437749,-100.0458254
"280","NLA06608-1089-2007","NLA06608-1089",4,"2007-7-20",47.92615582,-114.4032969
"281","NLA06608-1091-2007","NLA06608-1091",4,"2007-7-16",46.64554759,-99.56622833
"282","NLA06608-1096-2007","NLA06608-1096",4,"2007-8-2",42.80283231,-98.6667271
"283","NLA06608-1101-2007","NLA06608-1101",4,"2007-9-9",41.16921419,-74.46409963
"284","NLA06608-1102-2007","NLA06608-1102",4,"2007-7-16",48.04272711,-91.80243774
"285","NLA06608-1103-2007","NLA06608-1103",4,"2007-8-28",40.20925528,-83.14039964
"286","NLA06608-1115-2007","NLA06608-1115",4,"2007-7-30",41.63897307,-87.52959736
"287","NLA06608-1119-2007","NLA06608-1119",4,"2007-8-30",40.75775549,-109.6229151
"288","NLA06608-1125-2007","NLA06608-1125",4,"2007-8-7",41.93751914,-73.45450471
"289","NLA06608-1130-2007","NLA06608-1130",4,"2007-8-21",42.61644253,-85.20168529
"290","NLA06608-1131-2007","NLA06608-1131",4,"2007-6-26",41.67158213,-85.0498935
"291","NLA06608-1134-2007","NLA06608-1134",4,"2007-8-7",46.97285023,-95.6552124
"292","NLA06608-1145-2007","NLA06608-1145",4.92795698924731,"2007-9-12",40.1114616,-75.86456997
"293","NLA06608-1147-2007","NLA06608-1147",4,"2007-7-27",40.48406381,-104.9010317
"294","NLA06608-1150-2007","NLA06608-1150",4,"2007-7-19",48.1652,-92.1073
"295","NLA06608-1153-2007","NLA06608-1153",4,"2007-7-19",48.57775125,-113.9310021
"296","NLA06608-1155-2007","NLA06608-1155",4,"2007-7-17",47.07428203,-99.63068806
"297","NLA06608-1162-2007","NLA06608-1162",4,"2007-9-6",44.43080897,-83.92048752
"298","NLA06608-1163-2007","NLA06608-1163",4,"2007-7-2",40.91152674,-86.33837152
"299","NLA06608-1166-2007","NLA06608-1166",4,"2007-8-14",46.00218518,-89.61298609
"300","NLA06608-1167-2007","NLA06608-1167",4,"2007-9-20",42.12121846,-84.32304093
"301","NLA06608-1170-2007","NLA06608-1170",4,"2007-7-18",41.18833129,-111.3838226
"302","NLA06608-1174-2007","NLA06608-1174",4,"2007-8-15",45.33667139,-70.66748588
"303","NLA06608-1175-2007","NLA06608-1175",4,"2007-8-21",45.00157961,-94.33240543
"304","NLA06608-1183-2007","NLA06608-1183",4,"2007-8-29",40.67877769,-110.7617077
"305","NLA06608-1189-2007","NLA06608-1189",4,"2007-9-21",41.70034673,-74.67614714
"306","NLA06608-1190-2007","NLA06608-1190",4,"2007-6-25",44.08794072,-123.3000758
"307","NLA06608-1195-2007","NLA06608-1195",4,"2007-7-2",41.41506353,-86.47388358
"308","NLA06608-1198-2007","NLA06608-1198",4,"2007-7-25",46.41917873,-95.84076097
"309","NLA06608-1206-2007","NLA06608-1206",4,"2007-8-2",46.04071508,-86.80571961
"310","NLA06608-1207-2007","NLA06608-1207",4,"2007-7-26",45.31578279,-92.56439548
"311","NLA06608-1209-2007","NLA06608-1209",4,"2007-8-15",41.09921102,-75.52182529
"312","NLA06608-1219-2007","NLA06608-1219",4,"2007-8-20",47.0508466,-99.45309149
"313","NLA06608-1222-2007","NLA06608-1222",4,"2007-7-31",41.65548495,-70.3351834
"314","NLA06608-1227-2007","NLA06608-1227",4,"2007-7-3",40.49021653,-86.00305553
"315","NLA06608-1238-2007","NLA06608-1238",4,"2007-8-16",44.04280484,-70.52697713
"316","NLA06608-1239-2007","NLA06608-1239",4,"2007-7-24",45.23854717,-94.95289584
"317","NLA06608-1242-2007","NLA06608-1242",4,"2007-7-10",43.80794846,-87.97829791
"318","NLA06608-1243-2007","NLA06608-1243",4,"2007-8-7",41.49584791,-85.4335164
"319","NLA06608-1259-2007","NLA06608-1259",4,"2007-6-21",41.37196888,-106.250251
"320","NLA06608-1262-2007","NLA06608-1262",4,"2007-7-9",46.56718218,-94.32426564
"321","NLA06608-1268-2007","NLA06608-1268",4,"2007-7-17",41.47720752,-92.46019565
"322","NLA06608-1270-2007","NLA06608-1270",4,"2007-8-30",43.35530141,-109.3834683
"323","NLA06608-1274-2007","NLA06608-1274",4,"2007-8-1",47.91515143,-90.34231242
"324","NLA06608-1278-2007","NLA06608-1278",4,"2007-8-21",48.01890447,-98.89293534
"325","NLA06608-1281-2007","NLA06608-1281",4,"2007-7-18",48.13500634,-116.1556177
"326","NLA06608-1283-2007","NLA06608-1283",4,"2007-6-27",45.88816389,-93.27559075
"327","NLA06608-1297-2007","NLA06608-1297",4,"2007-9-13",46.69346715,-119.6483226
"328","NLA06608-1303-2007","NLA06608-1303",4,"2007-8-8",44.23115242,-93.52895007
"329","NLA06608-1319-2007","NLA06608-1319",4,"2007-8-7",45.11768598,-97.52639653
"330","NLA06608-1326-2007","NLA06608-1326",4,"2007-8-6",46.70133763,-95.74771639
"331","NLA06608-1329-2007","NLA06608-1329",4,"2007-8-8",45.06812814,-116.1697398
"332","NLA06608-1333-2007","NLA06608-1333",4,"2007-9-24",43.4546224,-73.59007456
"333","NLA06608-1334-2007","NLA06608-1334",4,"2007-7-31",45.41454518,-84.80370819
"334","NLA06608-1339-2007","NLA06608-1339",4,"2007-8-30",40.22292361,-104.9523623
"335","NLA06608-1342-2007","NLA06608-1342",4,"2007-7-17",47.74255874,-92.04084194
"336","NLA06608-1344-2007","NLA06608-1344",4,"2007-7-10",48.39247752,-112.5192316
"337","NLA06608-1347-2007","NLA06608-1347",4,"2007-6-28",47.06936125,-92.0010507
"338","NLA06608-1354-2007","NLA06608-1354",4,"2007-7-28",45.18177616,-108.1327104
"339","NLA06608-1355-2007","NLA06608-1355",4,"2007-7-3",41.2045164,-86.40554386
"340","NLA06608-1358-2007","NLA06608-1358",4,"2007-8-28",46.47136195,-89.57932002
"341","NLA06608-1359-2007","NLA06608-1359",4,"2007-7-31",40.18853553,-83.96549218
"342","NLA06608-1360-2007","NLA06608-1360",4,"2007-8-19",40.43031936,-101.5543964
"343","NLA06608-1365-2007","NLA06608-1365",4,"2007-8-21",42.97430171,-76.06888458
"344","NLA06608-1370-2007","NLA06608-1370",4,"2007-8-31",43.70497197,-86.4262233
"345","NLA06608-1375-2007","NLA06608-1375",4,"2007-9-4",40.43821209,-82.97903314
"346","NLA06608-1377-2007","NLA06608-1377",4,"2007-7-22",45.86796274,-113.5499319
"347","NLA06608-1383-2007","NLA06608-1383",4,"2007-8-22",45.30107859,-95.11805454
"348","NLA06608-1387-2007","NLA06608-1387",4,"2007-7-20",42.18668508,-85.5734717
"349","NLA06608-1390-2007","NLA06608-1390",4,"2007-7-19",45.91676304,-95.39655084
"350","NLA06608-1391-2007","NLA06608-1391",4,"2007-9-5",41.32867877,-81.3860772
"351","NLA06608-1401-2007","NLA06608-1401",4,"2007-7-11",40.80373555,-77.17855996
"352","NLA06608-1403-2007","NLA06608-1403",4,"2007-7-2",40.43327881,-105.0337077
"353","NLA06608-1414-2007","NLA06608-1414",4,"2007-8-28",41.92400456,-72.21921899
"354","NLA06608-1425-2007","NLA06608-1425",4,"2007-8-7",47.19204698,-122.9725593
"355","NLA06608-1434-2007","NLA06608-1434",4,"2007-8-1",45.16506431,-84.97760482
"356","NLA06608-1439-2007","NLA06608-1439",4,"2007-7-17",40.29789402,-110.2260262
"357","NLA06608-1446-2007","NLA06608-1446",4,"2007-8-29",43.79630195,-122.0175362
"358","NLA06608-1447-2007","NLA06608-1447",4,"2007-7-18",45.07363846,-93.1265767
"359","NLA06608-1450-2007","NLA06608-1450",4,"2007-7-24",43.61999552,-85.28224429
"360","NLA06608-1454-2007","NLA06608-1454",4,"2007-7-25",45.84991802,-95.71390587
"361","NLA06608-1460-2007","NLA06608-1460",4,"2007-7-26",40.75747354,-93.23879955
"362","NLA06608-1465-2007","NLA06608-1465",4,"2007-8-21",40.87358233,-75.58090694
"363","NLA06608-1473-2007","NLA06608-1473",4,"2007-7-22",47.89085231,-116.8933801
"364","NLA06608-1481-2007","NLA06608-1481",4,"2007-8-14",40.4943852,-121.1629233
"365","NLA06608-1483-2007","NLA06608-1483",4,"2007-7-25",40.05555836,-105.7469295
"366","NLA06608-1487-2007","NLA06608-1487",4,"2007-8-20",42.21592161,-83.58492288
"367","NLA06608-1489-2007","NLA06608-1489",4,"2007-8-29",46.98630288,-122.5690307
"368","NLA06608-1499-2007","NLA06608-1499",4,"2007-8-8",41.24575191,-85.4301129
"369","NLA06608-1510-2007","NLA06608-1510",4,"2007-8-17",47.82117438,-105.0491133
"370","NLA06608-1511-2007","NLA06608-1511",4,"2007-6-12",45.53504992,-98.61521182
"371","NLA06608-1521-2007","NLA06608-1521",4,"2007-8-14",42.23317529,-111.8535786
"372","NLA06608-1529-2007","NLA06608-1529",4,"2007-6-19",40.69367958,-118.2702746
"373","NLA06608-1532-2007","NLA06608-1532",4,"2007-7-24",40.98641214,-90.39676778
"374","NLA06608-1537-2007","NLA06608-1537",4,"2007-7-15",48.1617266,-116.6384102
"375","NLA06608-1544-2007","NLA06608-1544",4,"2007-7-25",42.27012122,-93.63628619
"376","NLA06608-1558-2007","NLA06608-1558",4,"2007-9-12",44.87906853,-68.22649939
"377","NLA06608-1562-2007","NLA06608-1562",4,"2007-6-11",42.59773028,-110.2208282
"378","NLA06608-1575-2007","NLA06608-1575",4,"2007-7-24",45.18456035,-97.78599752
"379","NLA06608-1579-2007","NLA06608-1579",4,"2007-7-24",41.68840425,-85.03064639
"380","NLA06608-1595-2007","NLA06608-1595",4,"2007-6-28",40.18092494,-105.0386785
"381","NLA06608-1600-2007","NLA06608-1600",4,"2007-7-19",48.31132355,-109.0848391
"382","NLA06608-1610-2007","NLA06608-1610",4,"2007-8-15",45.08626125,-109.7887823
"383","NLA06608-1617-2007","NLA06608-1617",4,"2007-8-8",47.57177224,-122.7050326
"384","NLA06608-1626-2007","NLA06608-1626",4,"2007-8-8",43.9294318,-86.43464751
"385","NLA06608-1631-2007","NLA06608-1631",4,"2007-8-8",40.76550232,-109.297264
"386","NLA06608-1633-2007","NLA06608-1633",4,"2007-7-13",44.95420653,-112.8818444
"387","NLA06608-1637-2007","NLA06608-1637",4,"2007-8-28",41.69516992,-75.13142213
"388","NLA06608-1638-2007","NLA06608-1638",4,"2007-8-6",44.37178143,-121.8732089
"389","NLA06608-1643-2007","NLA06608-1643",4,"2007-7-19",42.47147986,-85.52570292
"390","NLA06608-1654-2007","NLA06608-1654",4,"2007-7-9",46.57403434,-87.46065203
"391","NLA06608-1674-2007","NLA06608-1674",4,"2007-7-27",44.54399881,-110.8356239
"392","NLA06608-1675-2007","NLA06608-1675",4,"2007-7-23",40.70732923,-106.4529904
"393","NLA06608-1679-2007","NLA06608-1679",4,"2007-7-15",42.27599914,-84.21804073
"394","NLA06608-1687-2007","NLA06608-1687",4,"2007-7-9",44.92879744,-97.20984727
"395","NLA06608-1690-2007","NLA06608-1690",4,"2007-9-10",44.63943331,-85.78652164
"396","NLA06608-1695-2007","NLA06608-1695",4,"2007-9-6",40.80705076,-110.4052879
"397","NLA06608-1703-2007","NLA06608-1703",4,"2007-8-28",44.56839036,-98.12948201
"398","NLA06608-1706-2007","NLA06608-1706",4,"2007-9-17",43.8526781,-84.77214787
"399","NLA06608-1707-2007","NLA06608-1707",4,"2007-7-22",41.90886578,-85.89436967
"400","NLA06608-1723-2007","NLA06608-1723",4,"2007-6-20",41.12635244,-104.6435242
"401","NLA06608-1724-2007","NLA06608-1724",4,"2007-8-7",40.6317324,-89.74974737
"402","NLA06608-1736-2007","NLA06608-1736",4,"2007-8-1",42.48541393,-94.63032824
"403","NLA06608-1742-2007","NLA06608-1742",4,"2007-7-18",46.61381657,-88.57570293
"404","NLA06608-1755-2007","NLA06608-1755",4,"2007-8-20",41.22680207,-85.65000607
"405","NLA06608-1771-2007","NLA06608-1771",4,"2007-8-28",42.38300259,-86.04986016
"406","NLA06608-1782-2007","NLA06608-1782",4,"2007-9-13",42.51691372,-83.79582456
"407","NLA06608-1789-2007","NLA06608-1789",4,"2007-9-19",40.35385773,-78.62336887
"408","NLA06608-1793-2007","NLA06608-1793",4,"2007-7-23",47.52073005,-116.5643475
"409","NLA06608-1802-2007","NLA06608-1802",4,"2007-9-12",42.724557,-83.0854123
"410","NLA06608-1810-2007","NLA06608-1810",4,"2007-7-16",41.37561834,-112.0878211
"411","NLA06608-1818-2007","NLA06608-1818",4,"2007-7-10",42.92535091,-109.5044313
"412","NLA06608-1835-2007","NLA06608-1835",4,"2007-7-24",41.58028332,-84.92309094
"413","NLA06608-1836-2007","NLA06608-1836",4,"2007-8-13",42.40712576,-102.4533862
"414","NLA06608-1851-2007","NLA06608-1851",4,"2007-8-21",40.07823959,-105.2232407
"415","NLA06608-1857-2007","NLA06608-1857",4,"2007-7-25",48.2461517,-114.1200149
"416","NLA06608-1867-2007","NLA06608-1867",4,"2007-7-18",41.04149545,-85.97905159
"417","NLA06608-1873-2007","NLA06608-1873",4,"2007-9-11",47.48799465,-123.2647195
"418","NLA06608-1874-2007","NLA06608-1874",4,"2007-8-14",40.95544299,-111.4149738
"419","NLA06608-1879-2007","NLA06608-1879",4,"2007-8-22",44.53735651,-97.15487079
"420","NLA06608-1884-2007","NLA06608-1884",4,"2007-7-18",41.79161289,-91.53532783
"421","NLA06608-1893-2007","NLA06608-1893",4,"2007-7-12",41.40500676,-117.1542995
"422","NLA06608-1894-2007","NLA06608-1894",4,"2007-8-8",44.02665452,-121.7456252
"423","NLA06608-1906-2007","NLA06608-1906",4,"2007-7-20",41.8621338,-71.55317818
"424","NLA06608-1930-2007","NLA06608-1930",4,"2007-7-24",44.10051186,-111.4734759
"425","NLA06608-1953-2007","NLA06608-1953",4,"2007-8-25",47.09945654,-113.4075253
"426","NLA06608-1958-2007","NLA06608-1958",4,"2007-8-27",43.66297627,-122.4216059
"427","NLA06608-1975-2007","NLA06608-1975",4,"2007-8-8",43.34114476,-95.12645329
"428","NLA06608-1985-2007","NLA06608-1985",4,"2007-7-21",47.44868765,-116.7986927
"429","NLA06608-1989-2007","NLA06608-1989",4,"2007-8-2",42.20289954,-114.8909997
"430","NLA06608-1998-2007","NLA06608-1998",4,"2007-8-6",46.60064001,-88.11725533
"431","NLA06608-2005-2007","NLA06608-2005",4,"2007-7-12",42.29737384,-116.1124743
"432","NLA06608-2007-2007","NLA06608-2007",4,"2007-6-24",45.75699008,-97.32017864
"433","NLA06608-2027-2007","NLA06608-2027",4,"2007-6-20",42.23979744,-105.6303731
"434","NLA06608-2036-2007","NLA06608-2036",4,"2007-7-11",41.43839158,-93.5509726
"435","NLA06608-2049-2007","NLA06608-2049",4,"2007-9-17",48.02025253,-115.0345388
"436","NLA06608-2056-2007","NLA06608-2056",4,"2007-8-22",41.46950026,-93.92037248
"437","NLA06608-2078-2007","NLA06608-2078",4,"2007-8-24",46.25503439,-88.08997243
"438","NLA06608-2082-2007","NLA06608-2082",4,"2007-9-4",42.15139597,-122.6008217
"439","NLA06608-2086-2007","NLA06608-2086",4,"2007-8-29",44.76204445,-71.95362413
"440","NLA06608-2087-2007","NLA06608-2087",4,"2007-7-25",45.55715378,-97.41707065
"441","NLA06608-2095-2007","NLA06608-2095",4,"2007-7-8",42.2494978,-109.4410083
"442","NLA06608-2103-2007","NLA06608-2103",4,"2007-6-13",44.8372406,-99.90500153
"443","NLA06608-2123-2007","NLA06608-2123",4,"2007-8-13",44.32794024,-97.1167168
"444","NLA06608-2134-2007","NLA06608-2134",4.77849462365591,"2007-8-1",45.89266323,-122.7435687
"445","NLA06608-2135-2007","NLA06608-2135",4,"2007-8-20",44.70838784,-96.47788918
"446","NLA06608-2155-2007","NLA06608-2155",4,"2007-7-25",41.627105,-85.02364851
"447","NLA06608-2162-2007","NLA06608-2162",4,"2007-7-9",41.51134268,-71.57318015
"448","NLA06608-2170-2007","NLA06608-2170",4,"2007-8-24",47.30587695,-112.4310378
"449","NLA06608-2177-2007","NLA06608-2177",4,"2007-9-14",48.671943,-114.7318229
"450","NLA06608-2219-2007","NLA06608-2219",4,"2007-7-10",41.29977616,-86.40845658
"451","NLA06608-2241-2007","NLA06608-2241",4,"2007-9-6",48.15402125,-117.3189991
"452","NLA06608-2250-2007","NLA06608-2250",4,"2007-7-29",44.3017541,-110.6285367
"453","NLA06608-2257-2007","NLA06608-2257",4,"2007-8-24",47.40930776,-122.7843969
"454","NLA06608-2266-2007","NLA06608-2266",4,"2007-6-23",44.18421481,-106.7589307
"455","NLA06608-2267-2007","NLA06608-2267",4,"2007-8-6",41.51785892,-85.30057505
"456","NLA06608-2283-2007","NLA06608-2283",4,"2007-7-17",41.28362106,-85.78969754
"457","NLA06608-2305-2007","NLA06608-2305",4,"2007-7-16",48.18443003,-116.5279847
"458","NLA06608-2322-2007","NLA06608-2322",4,"2007-8-23",41.5055322,-111.3273337
"459","NLA06608-2332-2007","NLA06608-2332",4,"2007-8-9",40.03137931,-99.30406582
"460","NLA06608-2354-2007","NLA06608-2354",4,"2007-7-13",41.70544844,-71.45889451
"461","NLA06608-2379-2007","NLA06608-2379",4,"2007-7-31",41.24777405,-105.7229345
"462","NLA06608-2429-2007","NLA06608-2429",4,"2007-8-14",40.34377825,-111.0606041
"463","NLA06608-2450-2007","NLA06608-2450",7.17903225806452,"2007-7-24",43.63164375,-124.1790441
"464","NLA06608-2453-2007","NLA06608-2453",4,"2007-7-10",41.80418482,-116.2369826
"465","NLA06608-2463-2007","NLA06608-2463",4,"2007-7-19",40.17547463,-110.4849079
"466","NLA06608-2481-2007","NLA06608-2481",4,"2007-8-1",43.98862837,-119.3927622
"467","NLA06608-2507-2007","NLA06608-2507",4,"2007-7-11",40.07519519,-86.05550077
"468","NLA06608-2513-2007","NLA06608-2513",4,"2007-8-21",47.13285576,-122.5619208
"469","NLA06608-2523-2007","NLA06608-2523",4,"2007-7-31",41.34688657,-85.42886396
"470","NLA06608-2634-2007","NLA06608-2634",4,"2007-7-30",44.94116736,-109.5249202
"471","NLA06608-2640-2007","NLA06608-2640",4,"2007-8-9",40.36170146,-100.7051997
"472","NLA06608-2655-2007","NLA06608-2655",4,"2007-8-29",40.72496185,-109.1845335
"473","NLA06608-2673-2007","NLA06608-2673",4,"2007-9-18",44.30658171,-118.6850367
"474","NLA06608-2685-2007","NLA06608-2685",4,"2007-9-14",40.68363702,-110.9547924
"475","NLA06608-2714-2007","NLA06608-2714",4,"2007-8-11",43.82780189,-104.1093535
"476","NLA06608-2715-2007","NLA06608-2715",4,"2007-8-17",41.99075603,-103.61424
"477","NLA06608-2726-2007","NLA06608-2726",4,"2007-9-12",43.71378677,-121.7665432
"478","NLA06608-2740-2007","NLA06608-2740",4,"2007-8-14",41.29419937,-98.90220683
"479","NLA06608-2753-2007","NLA06608-2753",4,"2007-8-30",47.57068723,-117.6889884
"480","NLA06608-2779-2007","NLA06608-2779",4,"2007-7-18",41.27976472,-85.70517583
"481","NLA06608-2800-2007","NLA06608-2800",4,"2007-9-25",47.67808029,-112.4771506
"482","NLA06608-2801-2007","NLA06608-2801",4,"2007-8-1",42.08566286,-112.689224
"483","NLA06608-2824-2007","NLA06608-2824",4,"2007-8-13",41.76461732,-98.66083463
"484","NLA06608-2833-2007","NLA06608-2833",4,"2007-8-15",47.91880419,-120.164879
"485","NLA06608-2874-2007","NLA06608-2874",4,"2007-9-26",46.93083483,-111.9632243
"486","NLA06608-2881-2007","NLA06608-2881",4,"2007-9-21",48.45509278,-114.388
"487","NLA06608-2891-2007","NLA06608-2891",4,"2007-7-16",41.23224913,-85.98525778
"488","NLA06608-2987-2007","NLA06608-2987",4,"2007-8-1",41.67863226,-86.36950208
"489","NLA06608-3035-2007","NLA06608-3035",4,"2007-7-25",41.55099685,-85.2868168
"490","NLA06608-3121-2007","NLA06608-3121",4,"2007-8-7",44.96452667,-116.4623588
"491","NLA06608-3147-2007","NLA06608-3147",4,"2007-8-21",41.077102,-86.46356279
"492","NLA06608-3153-2007","NLA06608-3153",4.69032258064516,"2007-9-25",48.66028929,-122.81678
"493","NLA06608-3157-2007","NLA06608-3157",4,"2007-7-11",43.54942519,-115.7987142
"494","NLA06608-3160-2007","NLA06608-3160",4,"2007-8-15",41.03691696,-96.83981345
"495","NLA06608-3265-2007","NLA06608-3265",4,"2007-9-5",48.05647979,-117.40861
"496","NLA06608-3313-2007","NLA06608-3313",4,"2007-8-16",42.12319331,-111.8362486
"497","NLA06608-3329-2007","NLA06608-3329",4,"2007-7-19",48.45741132,-116.824496
"498","NLA06608-3608-2007","NLA06608-3608",4,"2007-8-16",41.97536219,-97.23610354
"499","NLA06608-3660-2007","NLA06608-3660",4,"2007-8-23",40.15668653,-96.77970247
"500","NLA06608-3698-2007","NLA06608-3698",4,"2007-7-19",41.89097393,-71.68494167
"501","NLA06608-3846-2007","NLA06608-3846",4,"2007-7-12",41.39410498,-71.66573009
"502","NLA06608-3890-2007","NLA06608-3890",4,"2007-7-11",41.58007689,-71.79802709
"503","NLA06608-4252-2007","NLA06608-4252",4,"2007-8-23",43.49623503,-72.91848548
"504","NLA06608-9999-2007","NLA06608-9999",4,"2007-7-31",44.64231,-71.651789
"505","NLA06608-ACAD_LAKES_0435-2007","NLA06608-ACAD_LAKES_0435",4,"2007-8-1",44.40788,-68.268509
"506","NLA06608-ALPS-1218-2007","NLA06608-ALPS-1218",4,"2007-8-3",44.836404,-67.881905
"507","NLA06608-NELP-0253-2007","NLA06608-NELP-0253",4,"2007-8-8",45.152049,-68.094876
"508","NLA06608-NELP-0955-2007","NLA06608-NELP-0955",4,"2007-8-29",46.965959,-68.856993
"509","NLA06608-NELP-1041-2007","NLA06608-NELP-1041",4,"2007-8-1",44.36243,-69.111684
"510","NLA06608-NELP-1330-2007","NLA06608-NELP-1330",4,"2007-8-28",46.9518,-68.843
"511","NLA06608-NELP-2155-2007","NLA06608-NELP-2155",4,"2007-8-29",46.961173,-68.84294
"512","NLA06608-NELP-3355-2007","NLA06608-NELP-3355",4,"2007-8-29",46.944789,-68.853062
"513","NLA06608-NELP-3586-2007","NLA06608-NELP-3586",4,"2007-8-30",45.752816,-69.077222
"514","NLA06608-NH250L-2007","NLA06608-NH250L",4,"2007-7-26",43.840363,-71.127398
"515","NLA06608-NH4912-2007","NLA06608-NH4912",4,"2007-8-9",43.023373,-72.01599
"516","NLA06608-R10BULLTR-2007","NLA06608-R10BULLTR",4,"2007-8-16",44.299985,-115.253959
"517","NLA06608-R10CAPEHO-2007","NLA06608-R10CAPEHO",4,"2007-8-14",44.412769,-115.130707
"518","NLA06608-R10CHARLT-2007","NLA06608-R10CHARLT",4,"2007-8-8",43.7447,-121.972108
"519","NLA06608-R10COUNCI-2007","NLA06608-R10COUNCI",4,"2007-8-22",46.266753,-121.629648
"520","NLA06608-R10DEERLA-2007","NLA06608-R10DEERLA",4,"2007-8-9",43.819275,-121.893625
"521","NLA06608-R10FISHLA-2007","NLA06608-R10FISHLA",4,"2007-8-12",42.736902,-118.647249
"522","NLA06608-R10FOURMI-2007","NLA06608-R10FOURMI",4,"2007-8-7",42.46935,-122.258622
"523","NLA06608-R10RAINYL-2007","NLA06608-R10RAINYL",4,"2007-8-19",48.501411,-120.737873
"524","NLA06608-R10SQUAWL-2007","NLA06608-R10SQUAWL",4,"2007-8-24",42.040047,-123.020334
"525","NLA06608-R10ULAKE-2007","NLA06608-R10ULAKE",4,"2007-8-21",47.427764,-123.074122
"526","NLA06608-R10YELLOW-2007","NLA06608-R10YELLOW",4,"2007-8-15",44.000621,-114.875721
"527","NLA06608-R34-2007","NLA06608-R34",4,"2007-8-28",40.270346,-78.682256
"528","NLA06608-R7106-2007","NLA06608-R7106",4,"2007-9-20",40.630491,-96.583853
"529","NLA06608-R715-2007","NLA06608-R715",4,"2007-8-30",42.535944,-92.4014
"530","NLA06608-R716-2007","NLA06608-R716",4,"2007-8-31",42.479229,-92.388594
"531","NLA06608-R784-2007","NLA06608-R784",4,"2007-9-20",42.458365,-103.116433
"532","NLA06608-0006-2007","NLA06608-0006",4,"2007-7-17",41.68314624,-73.1465177
"533","NLA06608-0010-2007","NLA06608-0010",4,"2007-7-17",42.61823014,-83.50588771
"534","NLA06608-0016-2007","NLA06608-0016",4,"2007-6-27",41.03025217,-100.7797567
"535","NLA06608-0064-2007","NLA06608-0064",4,"2007-6-18",48.8940613,-112.1680165
"536","NLA06608-0065-2007","NLA06608-0065",4,"2007-7-17",48.96243381,-115.116608
"537","NLA06608-0085-2007","NLA06608-0085",4,"2007-7-10",43.46045448,-116.1414317
"538","NLA06608-0086-2007","NLA06608-0086",4,"2007-8-2",45.61657075,-122.4260347
"539","NLA06608-0099-2007","NLA06608-0099",4,"2007-7-3",43.09951588,-88.45255303
"540","NLA06608-0101-2007","NLA06608-0101",4,"2007-8-21",42.02167966,-73.48227989
"541","NLA06608-0102-2007","NLA06608-0102",4,"2007-8-3",44.50713663,-70.72328312
"542","NLA06608-0110-2007","NLA06608-0110",4,"2007-7-31",46.86973364,-95.72856324
"543","NLA06608-0113-2007","NLA06608-0113",4,"2007-7-16",44.71864202,-72.23412171
"544","NLA06608-0115-2007","NLA06608-0115",4,"2007-7-18",44.32355428,-89.19099056
"545","NLA06608-0134-2007","NLA06608-0134",4,"2007-7-24",41.88000298,-73.04056323
"546","NLA06608-0142-2007","NLA06608-0142",4,"2007-8-13",45.99791162,-89.54369029
"547","NLA06608-0150-2007","NLA06608-0150",4,"2007-8-2",44.84955975,-69.2311707
"548","NLA06608-0155-2007","NLA06608-0155",4,"2007-7-31",42.37328848,-88.12714851
"549","NLA06608-0162-2007","NLA06608-0162",4,"2007-8-28",42.73356694,-72.10321054
"550","NLA06608-0177-2007","NLA06608-0177",4,"2007-8-22",43.89203643,-73.05232335
"551","NLA06608-0183-2007","NLA06608-0183",4,"2007-7-25",45.32624711,-92.42496232
"552","NLA06608-0219-2007","NLA06608-0219",4,"2007-8-1",41.40043649,-85.37102925
"553","NLA06608-0220-2007","NLA06608-0220",4,"2007-8-2",42.50465482,-100.5303638
"554","NLA06608-0229-2007","NLA06608-0229",4,"2007-9-13",43.95295544,-74.449008
"555","NLA06608-0234-2007","NLA06608-0234",4,"2007-8-23",43.21855689,-85.46799659
"556","NLA06608-0235-2007","NLA06608-0235",4,"2007-7-16",41.3229061,-85.75477789
"557","NLA06608-0240-2007","NLA06608-0240",4,"2007-7-25",48.47756954,-107.5902123
"558","NLA06608-0243-2007","NLA06608-0243",4,"2007-7-18",44.73647289,-100.7421974
"559","NLA06608-0277-2007","NLA06608-0277",4,"2007-7-20",42.6781739,-113.4006122
"560","NLA06608-0279-2007","NLA06608-0279",4,"2007-8-8",44.19244227,-93.8978566
"561","NLA06608-0286-2007","NLA06608-0286",4,"2007-8-8",46.15225085,-88.82970363
"562","NLA06608-0295-2007","NLA06608-0295",4,"2007-6-26",45.18747233,-97.63176411
"563","NLA06608-0303-2007","NLA06608-0303",4,"2007-8-7",41.08805669,-82.72837965
"564","NLA06608-0306-2007","NLA06608-0306",4,"2007-7-16",43.41788272,-119.4133477
"565","NLA06608-0334-2007","NLA06608-0334",4,"2007-6-27",48.31405586,-100.758717
"566","NLA06608-0343-2007","NLA06608-0343",4,"2007-8-21",44.87173399,-96.63532038
"567","NLA06608-0350-2007","NLA06608-0350",4,"2007-8-9",45.7646886,-90.6606696
"568","NLA06608-0357-2007","NLA06608-0357",4,"2007-7-27",42.31280493,-73.13778739
"569","NLA06608-0358-2007","NLA06608-0358",4,"2007-7-17",44.84025867,-71.13479653
"570","NLA06608-0359-2007","NLA06608-0359",4,"2007-7-10",45.40860134,-96.62636247
"571","NLA06608-0363-2007","NLA06608-0363",4,"2007-7-21",41.93460679,-85.33088977
"572","NLA06608-0378-2007","NLA06608-0378",4,"2007-6-26",47.55716773,-112.4475051
"573","NLA06608-0385-2007","NLA06608-0385",4,"2007-7-6",48.24355,-112.8672712
"574","NLA06608-0401-2007","NLA06608-0401",4,"2007-8-27",47.17784258,-68.23140034
"575","NLA06608-0405-2007","NLA06608-0405",4,"2007-8-30",41.97137282,-75.87948445
"576","NLA06608-0433-2007","NLA06608-0433",4,"2007-8-9",44.52251138,-73.29262702
"577","NLA06608-0445-2007","NLA06608-0445",4,"2007-6-28",40.04075657,-81.01548859
"578","NLA06608-0467-2007","NLA06608-0467",4,"2007-7-9",43.54592149,-89.36445641
"579","NLA06608-0471-2007","NLA06608-0471",4,"2007-6-25",45.44015743,-97.2623188
"580","NLA06608-0498-2007","NLA06608-0498",4,"2007-7-31",41.95095517,-71.95133091
"581","NLA06608-0510-2007","NLA06608-0510",4,"2007-6-27",48.24775379,-98.8914836
"582","NLA06608-0514-2007","NLA06608-0514",6.33333333333333,"2007-7-24",40.35740927,-78.11907346
"583","NLA06608-0526-2007","NLA06608-0526",4,"2007-7-18",47.94850085,-91.39296143
"584","NLA06608-0529-2007","NLA06608-0529",4,"2007-9-4",47.18441442,-119.3639845
"585","NLA06608-0551-2007","NLA06608-0551",4,"2007-8-20",45.10823473,-94.16801923
"586","NLA06608-0610-2007","NLA06608-0610",4,"2007-8-2",42.69132092,-71.3703595
"587","NLA06608-0611-2007","NLA06608-0611",4,"2007-7-2",42.9654707,-89.25185174
"588","NLA06608-0614-2007","NLA06608-0614",4,"2007-6-27",43.37864455,-123.2686178
"589","NLA06608-0623-2007","NLA06608-0623",4,"2007-6-20",41.06227132,-81.31730025
"590","NLA06608-0627-2007","NLA06608-0627",4,"2007-7-19",44.88675167,-88.48011849
"591","NLA06608-0635-2007","NLA06608-0635",4,"2007-8-22",40.33649731,-105.1268527
"592","NLA06608-0641-2007","NLA06608-0641",4,"2007-7-25",48.41877337,-117.6640499
"593","NLA06608-0648-2007","NLA06608-0648",4,"2007-8-1",42.26770086,-99.24832126
"594","NLA06608-0677-2007","NLA06608-0677",4,"2007-7-17",42.77239407,-118.446839
"595","NLA06608-0679-2007","NLA06608-0679",4,"2007-6-27",44.90724118,-93.24237251
"596","NLA06608-0690-2007","NLA06608-0690",4,"2007-7-3",41.98943091,-71.5975535
"597","NLA06608-0707-2007","NLA06608-0707",4,"2007-7-12",46.89269882,-99.41665043
"598","NLA06608-0710-2007","NLA06608-0710",4,"2007-7-24",41.76026908,-70.65792119
"599","NLA06608-0715-2007","NLA06608-0715",4,"2007-7-6",40.21848571,-105.3784913
"600","NLA06608-0721-2007","NLA06608-0721",4,"2007-7-5",46.49728658,-122.4056376
"601","NLA06608-0726-2007","NLA06608-0726",4,"2007-8-14",43.83495077,-71.09335145
"602","NLA06608-0727-2007","NLA06608-0727",4,"2007-6-23",45.63873346,-97.34187361
"603","NLA06608-0734-2007","NLA06608-0734",4,"2007-7-24",47.12976263,-88.31643187
"604","NLA06608-0762-2007","NLA06608-0762",4,"2007-8-16",47.61486601,-100.8270609
"605","NLA06608-0765-2007","NLA06608-0765",4,"2007-6-5",40.16155115,-79.05296653
"606","NLA06608-0769-2007","NLA06608-0769",4,"2007-7-24",47.46561683,-116.6021502
"607","NLA06608-0781-2007","NLA06608-0781",4,"2007-7-26",40.95244606,-74.78073603
"608","NLA06608-0805-2007","NLA06608-0805",4,"2007-8-22",41.89706027,-73.4471959
"609","NLA06608-0807-2007","NLA06608-0807",4,"2007-7-11",45.4544983,-97.67084235
"610","NLA06608-0837-2007","NLA06608-0837",4,"2007-7-19",43.32535916,-113.9237405
"611","NLA06608-0846-2007","NLA06608-0846",4,"2007-8-28",45.70558294,-89.89123137
"612","NLA06608-0851-2007","NLA06608-0851",4,"2007-6-5",45.77329011,-99.64100853
"613","NLA06608-0870-2007","NLA06608-0870",4,"2007-8-9",44.31668637,-122.0463775
"614","NLA06608-0881-2007","NLA06608-0881",4,"2007-7-30",44.68029866,-118.0456408
"615","NLA06608-0889-2007","NLA06608-0889",4,"2007-7-11",41.21839793,-116.5205894
"616","NLA06608-0906-2007","NLA06608-0906",4,"2007-6-12",43.64334502,-110.796597
"617","NLA06608-0913-2007","NLA06608-0913",4,"2007-9-6",46.36895187,-69.22774755
"618","NLA06608-0914-2007","NLA06608-0914",4,"2007-8-2",44.7665922,-67.69930253
"619","NLA06608-0918-2007","NLA06608-0918",4,"2007-8-14",45.63536489,-70.35478251
"620","NLA06608-0930-2007","NLA06608-0930",4,"2007-8-21",43.53424744,-71.50524998
"621","NLA06608-0933-2007","NLA06608-0933",4,"2007-7-31",43.92762751,-118.1504274
"622","NLA06608-0934-2007","NLA06608-0934",4,"2007-8-28",43.73612725,-122.0382458
"623","NLA06608-0938-2007","NLA06608-0938",4,"2007-8-7",43.23106073,-86.2884379
"624","NLA06608-0942-2007","NLA06608-0942",4,"2007-7-10",47.07143625,-94.60247265
"625","NLA06608-0958-2007","NLA06608-0958",4,"2007-8-15",47.5916096,-93.39164891
"626","NLA06608-0962-2007","NLA06608-0962",4,"2007-7-17",41.51816888,-111.7317
"627","NLA06608-0970-2007","NLA06608-0970",4,"2007-6-10",43.0004446,-109.8706018
"628","NLA06608-0979-2007","NLA06608-0979",4,"2007-5-30",43.76802869,-103.5206581
"629","NLA06608-0982-2007","NLA06608-0982",4,"2007-8-14",44.44651471,-71.81133018
"630","NLA06608-0990-2007","NLA06608-0990",4,"2007-7-30",46.23667971,-94.33981178
"631","NLA06608-0994-2007","NLA06608-0994",4,"2007-8-23",43.10063504,-72.08861587
"632","NLA06608-1003-2007","NLA06608-1003",4,"2007-7-23",42.08118015,-86.21029029
"633","NLA06608-1008-2007","NLA06608-1008",4,"2007-7-12",47.88008342,-112.3069538
"634","NLA06608-1015-2007","NLA06608-1015",4,"2007-8-14",43.13964644,-94.66049019
"635","NLA06608-1024-2007","NLA06608-1024",4,"2007-8-7",48.8960231,-99.71392205
"636","NLA06608-1034-2007","NLA06608-1034",4,"2007-8-16",42.74496123,-83.3105724
"637","NLA06608-1045-2007","NLA06608-1045",4,"2007-8-29",42.49353258,-77.14037466
"638","NLA06608-1070-2007","NLA06608-1070",4,"2007-7-11",46.09726783,-97.23731774
"639","NLA06608-1091-2007","NLA06608-1091",4,"2007-7-16",46.64554759,-99.56622833
"640","NLA06608-1130-2007","NLA06608-1130",4,"2007-8-21",42.61644253,-85.20168529
"641","NLA06608-1134-2007","NLA06608-1134",4,"2007-8-7",46.97285023,-95.6552124
"642","NLA06608-1145-2007","NLA06608-1145",4.92795698924731,"2007-9-12",40.1114616,-75.86456997
"643","NLA06608-1155-2007","NLA06608-1155",4,"2007-7-17",47.07428203,-99.63068806
"644","NLA06608-1162-2007","NLA06608-1162",4,"2007-9-6",44.43080897,-83.92048752
"645","NLA06608-1174-2007","NLA06608-1174",4,"2007-8-15",45.33667139,-70.66748588
"646","NLA06608-1175-2007","NLA06608-1175",4,"2007-8-21",45.00157961,-94.33240543
"647","NLA06608-1190-2007","NLA06608-1190",4,"2007-6-25",44.08794072,-123.3000758
"648","NLA06608-1195-2007","NLA06608-1195",4,"2007-7-2",41.41506353,-86.47388358
"649","NLA06608-1198-2007","NLA06608-1198",4,"2007-7-25",46.41917873,-95.84076097
"650","NLA06608-1207-2007","NLA06608-1207",4,"2007-7-26",45.31578279,-92.56439548
"651","NLA06608-1223-2007","NLA06608-1223",4,"2007-7-24",43.37516208,-93.46829619
"652","NLA06608-1238-2007","NLA06608-1238",4,"2007-8-16",44.04280484,-70.52697713
"653","NLA06608-1239-2007","NLA06608-1239",4,"2007-7-24",45.23854717,-94.95289584
"654","NLA06608-1268-2007","NLA06608-1268",4,"2007-7-17",41.47720752,-92.46019565
"655","NLA06608-1278-2007","NLA06608-1278",4,"2007-8-21",48.01890447,-98.89293534
"656","NLA06608-1326-2007","NLA06608-1326",4,"2007-8-6",46.70133763,-95.74771639
"657","NLA06608-1333-2007","NLA06608-1333",4,"2007-9-24",43.4546224,-73.59007456
"658","NLA06608-1334-2007","NLA06608-1334",4,"2007-7-31",45.41454518,-84.80370819
"659","NLA06608-1339-2007","NLA06608-1339",4,"2007-8-30",40.22292361,-104.9523623
"660","NLA06608-1347-2007","NLA06608-1347",4,"2007-6-28",47.06936125,-92.0010507
"661","NLA06608-1354-2007","NLA06608-1354",4,"2007-7-28",45.18177616,-108.1327104
"662","NLA06608-1375-2007","NLA06608-1375",4,"2007-9-4",40.43821209,-82.97903314
"663","NLA06608-1377-2007","NLA06608-1377",4,"2007-7-22",45.86796274,-113.5499319
"664","NLA06608-1383-2007","NLA06608-1383",4,"2007-8-22",45.30107859,-95.11805454
"665","NLA06608-1387-2007","NLA06608-1387",4,"2007-7-20",42.18668508,-85.5734717
"666","NLA06608-1390-2007","NLA06608-1390",4,"2007-7-19",45.91676304,-95.39655084
"667","NLA06608-1403-2007","NLA06608-1403",4,"2007-7-2",40.43327881,-105.0337077
"668","NLA06608-1434-2007","NLA06608-1434",4,"2007-8-1",45.16506431,-84.97760482
"669","NLA06608-1435-2007","NLA06608-1435",4,"2007-8-1",42.19692077,-88.10342481
"670","NLA06608-1447-2007","NLA06608-1447",4,"2007-7-18",45.07363846,-93.1265767
"671","NLA06608-1450-2007","NLA06608-1450",4,"2007-7-24",43.61999552,-85.28224429
"672","NLA06608-1465-2007","NLA06608-1465",4,"2007-8-21",40.87358233,-75.58090694
"673","NLA06608-1483-2007","NLA06608-1483",4,"2007-7-25",40.05555836,-105.7469295
"674","NLA06608-1487-2007","NLA06608-1487",4,"2007-8-20",42.21592161,-83.58492288
"675","NLA06608-1511-2007","NLA06608-1511",4,"2007-6-12",45.53504992,-98.61521182
"676","NLA06608-1521-2007","NLA06608-1521",4,"2007-8-14",42.23317529,-111.8535786
"677","NLA06608-1529-2007","NLA06608-1529",4,"2007-6-19",40.69367958,-118.2702746
"678","NLA06608-1532-2007","NLA06608-1532",4,"2007-7-24",40.98641214,-90.39676778
"679","NLA06608-1558-2007","NLA06608-1558",4,"2007-9-12",44.87906853,-68.22649939
"680","NLA06608-1579-2007","NLA06608-1579",4,"2007-7-24",41.68840425,-85.03064639
"681","NLA06608-1626-2007","NLA06608-1626",4,"2007-8-8",43.9294318,-86.43464751
"682","NLA06608-1637-2007","NLA06608-1637",4,"2007-8-28",41.69516992,-75.13142213
"683","NLA06608-1736-2007","NLA06608-1736",4,"2007-8-1",42.48541393,-94.63032824
"684","NLA06608-1755-2007","NLA06608-1755",4,"2007-8-20",41.22680207,-85.65000607
"685","NLA06608-1771-2007","NLA06608-1771",4,"2007-8-28",42.38300259,-86.04986016
"686","NLA06608-1782-2007","NLA06608-1782",4,"2007-9-13",42.51691372,-83.79582456
"687","NLA06608-1793-2007","NLA06608-1793",4,"2007-7-23",47.52073005,-116.5643475
"688","NLA06608-1810-2007","NLA06608-1810",4,"2007-7-16",41.37561834,-112.0878211
"689","NLA06608-1811-2007","NLA06608-1811",4,"2007-6-25",45.85043385,-99.26440854
"690","NLA06608-1835-2007","NLA06608-1835",4,"2007-7-24",41.58028332,-84.92309094
"691","NLA06608-1851-2007","NLA06608-1851",4,"2007-8-21",40.07823959,-105.2232407
"692","NLA06608-1856-2007","NLA06608-1856",4,"2007-7-24",48.96606399,-109.75936
"693","NLA06608-1857-2007","NLA06608-1857",4,"2007-7-25",48.2461517,-114.1200149
"694","NLA06608-1874-2007","NLA06608-1874",4,"2007-8-14",40.95544299,-111.4149738
"695","NLA06608-1894-2007","NLA06608-1894",4,"2007-8-8",44.02665452,-121.7456252
"696","NLA06608-2036-2007","NLA06608-2036",4,"2007-7-11",41.43839158,-93.5509726
"697","NLA06608-2056-2007","NLA06608-2056",4,"2007-8-22",41.46950026,-93.92037248
"698","NLA06608-2082-2007","NLA06608-2082",4,"2007-9-4",42.15139597,-122.6008217
"699","NLA06608-2086-2007","NLA06608-2086",4,"2007-8-29",44.76204445,-71.95362413
"700","NLA06608-2241-2007","NLA06608-2241",4,"2007-9-6",48.15402125,-117.3189991
"701","NLA06608-2257-2007","NLA06608-2257",4,"2007-8-24",47.40930776,-122.7843969
"702","NLA06608-2283-2007","NLA06608-2283",4,"2007-7-17",41.28362106,-85.78969754
"703","NLA06608-2305-2007","NLA06608-2305",4,"2007-7-16",48.18443003,-116.5279847
"704","NLA06608-2332-2007","NLA06608-2332",4,"2007-8-9",40.03137931,-99.30406582
"705","NLA06608-2463-2007","NLA06608-2463",4,"2007-7-19",40.17547463,-110.4849079
"706","NLA06608-2513-2007","NLA06608-2513",4,"2007-8-21",47.13285576,-122.5619208
"707","NLA06608-2640-2007","NLA06608-2640",4,"2007-8-9",40.36170146,-100.7051997
"708","NLA06608-2655-2007","NLA06608-2655",4,"2007-8-29",40.72496185,-109.1845335
"709","NLA06608-2740-2007","NLA06608-2740",4,"2007-8-14",41.29419937,-98.90220683
"710","NLA06608-2800-2007","NLA06608-2800",4,"2007-9-25",47.67808029,-112.4771506
"711","NLA06608-2824-2007","NLA06608-2824",4,"2007-8-13",41.76461732,-98.66083463
"712","NLA06608-2833-2007","NLA06608-2833",4,"2007-8-15",47.91880419,-120.164879
"713","NLA06608-2881-2007","NLA06608-2881",4,"2007-9-21",48.45509278,-114.388
"714","NLA06608-3121-2007","NLA06608-3121",4,"2007-8-7",44.96452667,-116.4623588
"715","NLA06608-3147-2007","NLA06608-3147",4,"2007-8-21",41.077102,-86.46356279
"716","NLA06608-3160-2007","NLA06608-3160",4,"2007-8-15",41.03691696,-96.83981345
"717","NLA06608-3329-2007","NLA06608-3329",4,"2007-7-19",48.45741132,-116.824496
"718","NLA06608-4252-2007","NLA06608-4252",4,"2007-8-23",43.49623503,-72.91848548
"719","NLA06608-ACAD_LAKES_0435-2007","NLA06608-ACAD_LAKES_0435",4,"2007-8-1",44.40788,-68.268509
"720","NLA06608-NELP-0955-2007","NLA06608-NELP-0955",4,"2007-8-29",46.965959,-68.856993
"721","NLA06608-NELP-1041-2007","NLA06608-NELP-1041",4,"2007-8-1",44.36243,-69.111684
"722","NLA06608-NELP-3586-2007","NLA06608-NELP-3586",4,"2007-8-30",45.752816,-69.077222
"723","NLA06608-NH4912-2007","NLA06608-NH4912",4,"2007-8-9",43.023373,-72.01599
"724","NLA06608-R716-2007","NLA06608-R716",4,"2007-8-31",42.479229,-92.388594
"725","NLA12_CA-116-2012","NLA12_CA-116",4,"2012-6-12",41.22806098,-122.3816476
"726","NLA12_CA-132-2012","NLA12_CA-132",7.98709677419355,"2012-6-13",40.50757762,-122.6943291
"727","NLA12_CA-154-2012","NLA12_CA-154",4,"2012-7-17",40.63158462,-120.00287
"728","NLA12_CA-R05-2012","NLA12_CA-R05",4,"2012-7-18",40.45893329,-121.2909231
"729","NLA12_CA-R06-2012","NLA12_CA-R06",4,"2012-7-16",40.39703508,-121.3623357
"730","NLA12_CA-R10-2012","NLA12_CA-R10",4,"2012-7-17",40.40351019,-121.3588354
"731","NLA12_CA-R12-2012","NLA12_CA-R12",4,"2012-7-15",40.38862429,-121.299224
"732","NLA12_CO-115-2012","NLA12_CO-115",4,"2012-7-11",40.00305447,-107.3583306
"733","NLA12_CO-119-2012","NLA12_CO-119",4,"2012-7-18",40.25822853,-105.604528
"734","NLA12_CO-127-2012","NLA12_CO-127",4,"2012-9-6",40.12169493,-104.9459108
"735","NLA12_CO-131-2012","NLA12_CO-131",4,"2012-6-28",40.94491896,-106.0119684
"736","NLA12_CO-R10-2012","NLA12_CO-R10",4,"2012-8-28",40.17407647,-107.7039121
"737","NLA12_CT-107-2012","NLA12_CT-107",4,"2012-7-25",41.3389906,-72.48613163
"738","NLA12_CT-108-2012","NLA12_CT-108",4,"2012-8-15",41.65348504,-73.20748141
"739","NLA12_CT-115-2012","NLA12_CT-115",4,"2012-6-26",41.71185606,-72.32903222
"740","NLA12_CT-118-2012","NLA12_CT-118",4,"2012-7-17",41.77454096,-71.88798099
"741","NLA12_CT-126-2012","NLA12_CT-126",4,"2012-8-1",41.84051817,-72.10979305
"742","NLA12_IA-113-2012","NLA12_IA-113",4,"2012-6-28",40.85032616,-94.07030363
"743","NLA12_IA-120-2012","NLA12_IA-120",4,"2012-6-12",42.62364617,-95.19096081
"744","NLA12_IA-127-2012","NLA12_IA-127",4,"2012-7-10",40.75439094,-92.44007539
"745","NLA12_IA-134-2012","NLA12_IA-134",4,"2012-7-12",42.12868906,-92.72458951
"746","NLA12_IA-150-2012","NLA12_IA-150",4,"2012-7-2",42.43264577,-93.79604399
"747","NLA12_ID-113-2012","NLA12_ID-113",4,"2012-7-3",44.83832985,-116.0344437
"748","NLA12_ID-121-2012","NLA12_ID-121",4,"2012-7-14",48.00714106,-117.003822
"749","NLA12_ID-122-2012","NLA12_ID-122",4,"2012-7-31",42.89525373,-111.9638056
"750","NLA12_ID-145-2012","NLA12_ID-145",4,"2012-7-23",44.29971223,-115.2539785
"751","NLA12_ID-148-2012","NLA12_ID-148",4,"2012-7-16",46.20607125,-116.8343671
"752","NLA12_ID-149-2012","NLA12_ID-149",4,"2012-7-15",46.68823022,-116.649551
"753","NLA12_ID-151-2012","NLA12_ID-151",4,"2012-6-27",43.19840666,-114.5997261
"754","NLA12_ID-158-2012","NLA12_ID-158",11.3193548387097,"2012-7-26",44.10981036,-114.9661056
"755","NLA12_ID-165-2012","NLA12_ID-165",4,"2012-7-15",48.01025724,-116.7078838
"756","NLA12_ID-166-2012","NLA12_ID-166",4,"2012-7-30",43.07839868,-112.6936589
"757","NLA12_ID-168-2012","NLA12_ID-168",4,"2012-7-2",45.12898626,-116.0220887
"758","NLA12_ID-175-2012","NLA12_ID-175",4,"2012-7-5",43.1914128,-116.9598035
"759","NLA12_ID-180-2012","NLA12_ID-180",4,"2012-8-14",47.51563208,-115.7316178
"760","NLA12_ID-194-2012","NLA12_ID-194",4,"2012-6-26",43.16587842,-115.6524756
"761","NLA12_ID-205-2012","NLA12_ID-205",4,"2012-8-21",44.97021316,-116.001262
"762","NLA12_ID-207-2012","NLA12_ID-207",4,"2012-7-12",48.27818524,-116.8311247
"763","NLA12_ID-209-2012","NLA12_ID-209",4,"2012-7-5",44.79670477,-116.7326881
"764","NLA12_ID-214-2012","NLA12_ID-214",4,"2012-8-8",42.1873061,-113.92408
"765","NLA12_ID-215-2012","NLA12_ID-215",4,"2012-7-25",43.97945187,-114.8776554
"766","NLA12_ID-218-2012","NLA12_ID-218",4,"2012-8-15",47.07386493,-115.9576667
"767","NLA12_ID-220-2012","NLA12_ID-220",4,"2012-8-22",45.26811761,-116.2079681
"768","NLA12_IL-110-2012","NLA12_IL-110",4,"2012-6-26",40.48022364,-88.10299877
"769","NLA12_IL-114-2012","NLA12_IL-114",4,"2012-8-29",40.50804437,-90.16117672
"770","NLA12_IL-118-2012","NLA12_IL-118",4,"2012-7-17",42.24358324,-87.96277577
"771","NLA12_IN-120-2012","NLA12_IN-120",4,"2012-8-14",41.35308847,-85.44887465
"772","NLA12_IN-128-2012","NLA12_IN-128",4,"2012-7-26",41.28458229,-85.69379508
"773","NLA12_IN-134-2012","NLA12_IN-134",4,"2012-8-6",41.4463142,-87.16882512
"774","NLA12_IN-144-2012","NLA12_IN-144",4,"2012-8-8",41.27216801,-85.53933209
"775","NLA12_IN-145-2012","NLA12_IN-145",4,"2012-8-13",41.71697825,-85.65916761
"776","NLA12_IN-160-2012","NLA12_IN-160",4,"2012-7-25",41.32176444,-85.76856768
"777","NLA12_IN-164-2012","NLA12_IN-164",4,"2012-8-8",41.13163711,-86.26617418
"778","NLA12_IN-172-2012","NLA12_IN-172",4,"2012-7-25",41.38935735,-85.83056287
"779","NLA12_IN-185-2012","NLA12_IN-185",4,"2012-8-16",41.32762286,-85.45633739
"780","NLA12_IN-186-2012","NLA12_IN-186",4,"2012-8-16",41.72566548,-85.4639434
"781","NLA12_IN-187-2012","NLA12_IN-187",4,"2012-8-14",41.74894691,-84.84254259
"782","NLA12_IN-196-2012","NLA12_IN-196",4,"2012-9-12",41.42672638,-85.73792608
"783","NLA12_IN-199-2012","NLA12_IN-199",4,"2012-9-13",41.63635595,-85.16723461
"784","NLA12_MA-105-2012","NLA12_MA-105",4,"2012-9-6",42.64690672,-72.21849668
"785","NLA12_MA-106-2012","NLA12_MA-106",4,"2012-9-13",42.25891476,-71.93931
"786","NLA12_MA-109-2012","NLA12_MA-109",4,"2012-9-14",42.14480404,-72.5129138
"787","NLA12_MA-110-2012","NLA12_MA-110",4,"2012-9-16",42.30567112,-72.83293844
"788","NLA12_MA-111-2012","NLA12_MA-111",4,"2012-9-9",41.81248656,-70.63822658
"789","NLA12_ME-114-2012","NLA12_ME-114",4,"2012-7-18",44.52528541,-69.98649383
"790","NLA12_ME-115-2012","NLA12_ME-115",4,"2012-8-29",45.77842979,-69.12446592
"791","NLA12_ME-116-2012","NLA12_ME-116",4,"2012-8-14",45.50588593,-69.95373547
"792","NLA12_ME-118-2012","NLA12_ME-118",4,"2012-8-15",44.21313172,-69.52650339
"793","NLA12_ME-120-2012","NLA12_ME-120",4,"2012-8-9",45.33344114,-69.26658734
"794","NLA12_ME-121-2012","NLA12_ME-121",4,"2012-8-2",43.84598141,-70.89131484
"795","NLA12_ME-122-2012","NLA12_ME-122",4,"2012-8-22",44.78163002,-67.20470823
"796","NLA12_ME-126-2012","NLA12_ME-126",4,"2012-8-7",44.87076276,-67.58003846
"797","NLA12_ME-129-2012","NLA12_ME-129",4,"2012-8-17",45.44708588,-68.1886754
"798","NLA12_ME-130-2012","NLA12_ME-130",4,"2012-8-6",44.4160406,-70.26430126
"799","NLA12_ME-134-2012","NLA12_ME-134",4,"2012-7-24",44.43398548,-69.38994854
"800","NLA12_ME-135-2012","NLA12_ME-135",4,"2012-9-4",46.03358616,-68.06506684
"801","NLA12_ME-137-2012","NLA12_ME-137",4,"2012-9-12",43.76837527,-70.60856237
"802","NLA12_MI-120-2012","NLA12_MI-120",4,"2012-7-17",41.79511788,-86.47416191
"803","NLA12_MI-122-2012","NLA12_MI-122",4,"2012-8-14",45.12471531,-84.17989786
"804","NLA12_MI-123-2012","NLA12_MI-123",4,"2012-7-26",41.88595109,-84.59594103
"805","NLA12_MI-125-2012","NLA12_MI-125",4,"2012-8-8",46.79211529,-88.25774765
"806","NLA12_MI-126-2012","NLA12_MI-126",4,"2012-8-16",44.88662282,-84.39873637
"807","NLA12_MI-128-2012","NLA12_MI-128",4,"2012-7-18",42.20474298,-85.70757399
"808","NLA12_MI-129-2012","NLA12_MI-129",4,"2012-7-25",43.95733488,-85.00046365
"809","NLA12_MI-130-2012","NLA12_MI-130",4,"2012-8-17",45.1352057,-85.10758971
"810","NLA12_MI-132-2012","NLA12_MI-132",4,"2012-7-31",45.45225051,-87.75739561
"811","NLA12_MI-133-2012","NLA12_MI-133",4,"2012-8-15",44.72909861,-84.92612676
"812","NLA12_MI-135-2012","NLA12_MI-135",4,"2012-7-6",42.41405836,-83.93137109
"813","NLA12_MI-136-2012","NLA12_MI-136",4,"2012-7-12",43.36480531,-85.37979014
"814","NLA12_MI-137-2012","NLA12_MI-137",4,"2012-8-2",46.27677652,-88.06319489
"815","NLA12_MI-138-2012","NLA12_MI-138",4,"2012-8-14",45.74250132,-84.41060851
"816","NLA12_MI-139-2012","NLA12_MI-139",4,"2012-7-10",42.38808843,-84.90798786
"817","NLA12_MI-141-2012","NLA12_MI-141",4,"2012-8-8",46.69731067,-88.08197567
"818","NLA12_MI-142-2012","NLA12_MI-142",4,"2012-8-21",43.48649233,-84.76870838
"819","NLA12_MI-144-2012","NLA12_MI-144",4,"2012-7-17",41.87226233,-85.86229695
"820","NLA12_MI-145-2012","NLA12_MI-145",4,"2012-8-23",43.7979845,-85.31301037
"821","NLA12_MI-148-2012","NLA12_MI-148",4,"2012-8-1",45.95449781,-87.98000286
"822","NLA12_MI-151-2012","NLA12_MI-151",4,"2012-7-9",42.69438266,-84.53228457
"823","NLA12_MI-152-2012","NLA12_MI-152",4,"2012-7-18",42.75737274,-85.63804424
"824","NLA12_MI-155-2012","NLA12_MI-155",4,"2012-7-5",42.47782363,-84.16713158
"825","NLA12_MI-161-2012","NLA12_MI-161",4,"2012-7-26",44.24710638,-85.48183584
"826","NLA12_MI-162-2012","NLA12_MI-162",4,"2012-7-30",46.46325834,-85.71666173
"827","NLA12_MI-165-2012","NLA12_MI-165",4,"2012-7-27",44.3550178,-85.30575995
"828","NLA12_MI-167-2012","NLA12_MI-167",4,"2012-7-12",42.9176234,-84.20373932
"829","NLA12_MI-168-2012","NLA12_MI-168",4,"2012-7-19",42.78409894,-85.11502111
"830","NLA12_MI-169-2012","NLA12_MI-169",4,"2012-8-1",46.39989795,-88.75176293
"831","NLA12_MI-172-2012","NLA12_MI-172",4,"2012-8-23",42.5677644,-85.45118289
"832","NLA12_MI-177-2012","NLA12_MI-177",4,"2012-8-28",44.86768546,-86.0181976
"833","NLA12_MN-123-2012","NLA12_MN-123",4,"2012-7-10",45.26728203,-96.37029506
"834","NLA12_MN-126-2012","NLA12_MN-126",4,"2012-7-24",46.98806594,-94.46779773
"835","NLA12_MN-127-2012","NLA12_MN-127",4,"2012-8-21",46.12736157,-96.13317067
"836","NLA12_MN-130-2012","NLA12_MN-130",4,"2012-6-21",48.39551806,-92.65806118
"837","NLA12_MN-132-2012","NLA12_MN-132",4,"2012-6-11",45.52853972,-94.53488217
"838","NLA12_MN-138-2012","NLA12_MN-138",4,"2012-6-28",48.19502998,-90.87628104
"839","NLA12_MN-141-2012","NLA12_MN-141",4,"2012-7-24",46.39269586,-95.90356295
"840","NLA12_MN-145-2012","NLA12_MN-145",4,"2012-6-6",45.18204986,-92.81783999
"841","NLA12_MN-147-2012","NLA12_MN-147",4,"2012-7-10",46.01981243,-92.58812118
"842","NLA12_MN-150-2012","NLA12_MN-150",4,"2012-6-27",48.02221592,-91.43895436
"843","NLA12_MN-152-2012","NLA12_MN-152",4,"2012-8-14",45.42532395,-95.48193854
"844","NLA12_MN-153-2012","NLA12_MN-153",4,"2012-6-28",47.05748973,-95.78259373
"845","NLA12_MN-157-2012","NLA12_MN-157",4,"2012-7-25",46.2537416,-95.9373614
"846","NLA12_MN-160-2012","NLA12_MN-160",4,"2012-8-10",46.19672628,-94.57418003
"847","NLA12_MN-162-2012","NLA12_MN-162",4,"2012-9-6",47.55974319,-93.03255611
"848","NLA12_MN-163-2012","NLA12_MN-163",4,"2012-6-21",45.47428943,-93.34520865
"849","NLA12_MN-167-2012","NLA12_MN-167",4,"2012-8-9",45.07766113,-94.8104013
"850","NLA12_MN-170-2012","NLA12_MN-170",4,"2012-9-5",47.91117443,-90.48657814
"851","NLA12_MN-180-2012","NLA12_MN-180",4,"2012-9-5",45.85610163,-95.56327026
"852","NLA12_MN-R12-2012","NLA12_MN-R12",4,"2012-7-25",47.18720256,-95.18406203
"853","NLA12_MN-R13-2012","NLA12_MN-R13",4,"2012-7-26",47.04442303,-94.50397199
"854","NLA12_MN-R14-2012","NLA12_MN-R14",4,"2012-7-27",46.83201964,-92.69504592
"855","NLA12_MO-115-2012","NLA12_MO-115",4,"2012-7-11",40.08080659,-93.57644014
"856","NLA12_MO-122-2012","NLA12_MO-122",4,"2012-8-29",40.14196149,-92.57464272
"857","NLA12_MT-120-2012","NLA12_MT-120",4,"2012-8-22",48.6294753,-114.3920285
"858","NLA12_MT-124-2012","NLA12_MT-124",4,"2012-8-6",46.11821631,-113.37464
"859","NLA12_MT-135-2012","NLA12_MT-135",4,"2012-8-28",48.02656863,-109.6237599
"860","NLA12_MT-136-2012","NLA12_MT-136",4,"2012-8-21",48.95316293,-114.3227227
"861","NLA12_MT-138-2012","NLA12_MT-138",4,"2012-6-21",47.76171554,-108.4328294
"862","NLA12_MT-140-2012","NLA12_MT-140",4,"2012-8-14",47.05943881,-113.9378325
"863","NLA12_MT-143-2012","NLA12_MT-143",4,"2012-7-10",48.62106688,-113.1088007
"864","NLA12_MT-144-2012","NLA12_MT-144",4,"2012-8-16",46.31276308,-110.0325058
"865","NLA12_MT-152-2012","NLA12_MT-152",4,"2012-7-31",45.57835886,-113.0032413
"866","NLA12_MT-156-2012","NLA12_MT-156",4,"2012-7-26",46.6246241,-110.7383363
"867","NLA12_MT-160-2012","NLA12_MT-160",4,"2012-7-26",46.04062349,-110.6921749
"868","NLA12_MT-162-2012","NLA12_MT-162",4,"2012-9-18",45.0394762,-109.7724842
"869","NLA12_MT-164-2012","NLA12_MT-164",4,"2012-8-23",48.16778753,-114.3675211
"870","NLA12_ND-115-2012","NLA12_ND-115",4,"2012-5-16",46.82604195,-100.6342083
"871","NLA12_ND-118-2012","NLA12_ND-118",4,"2012-6-7",46.36786408,-99.39845029
"872","NLA12_ND-131-2012","NLA12_ND-131",4,"2012-8-6",46.61482047,-101.8950983
"873","NLA12_ND-134-2012","NLA12_ND-134",4,"2012-7-10",46.02278583,-99.29204583
"874","NLA12_ND-139-2012","NLA12_ND-139",4,"2012-6-12",47.90420192,-101.0598295
"875","NLA12_ND-145-2012","NLA12_ND-145",4,"2012-8-6",47.08001327,-99.73058586
"876","NLA12_ND-146-2012","NLA12_ND-146",4,"2012-6-12",48.914933,-100.4334397
"877","NLA12_ND-149-2012","NLA12_ND-149",4,"2012-7-25",47.06803402,-99.0799129
"878","NLA12_ND-156-2012","NLA12_ND-156",4,"2012-8-13",47.17037042,-99.24800631
"879","NLA12_ND-160-2012","NLA12_ND-160",4,"2012-7-31",47.17341262,-99.77111166
"880","NLA12_ND-162-2012","NLA12_ND-162",4,"2012-6-13",48.55085513,-99.92530218
"881","NLA12_ND-163-2012","NLA12_ND-163",4,"2012-6-14",46.54392165,-104.028258
"882","NLA12_ND-164-2012","NLA12_ND-164",4,"2012-7-25",47.13839584,-99.13252314
"883","NLA12_ND-167-2012","NLA12_ND-167",4,"2012-6-28",47.3986724,-100.8114446
"884","NLA12_ND-172-2012","NLA12_ND-172",4,"2012-7-30",47.20188944,-99.35239064
"885","NLA12_ND-173-2012","NLA12_ND-173",4,"2012-6-21",46.40002555,-99.28218473
"886","NLA12_ND-178-2012","NLA12_ND-178",4,"2012-6-14",48.95477319,-99.83321117
"887","NLA12_ND-187-2012","NLA12_ND-187",4,"2012-6-26",48.00697014,-101.5324187
"888","NLA12_ND-194-2012","NLA12_ND-194",4,"2012-7-31",48.72020198,-102.1149998
"889","NLA12_ND-196-2012","NLA12_ND-196",4,"2012-7-5",47.24136596,-99.83730412
"890","NLA12_ND-R17-2012","NLA12_ND-R17",4,"2012-9-20",46.74569439,-99.49689806
"891","NLA12_ND-R18-2012","NLA12_ND-R18",4,"2012-9-20",47.12915154,-99.62037746
"892","NLA12_NE-154-2012","NLA12_NE-154",4,"2012-8-26",40.57928385,-96.84481374
"893","NLA12_NE-157-2012","NLA12_NE-157",4,"2012-8-29",41.09244722,-96.35328376
"894","NLA12_NE-158-2012","NLA12_NE-158",4,"2012-8-30",40.16908467,-96.83069073
"895","NLA12_NE-160-2012","NLA12_NE-160",4,"2012-8-23",41.93354662,-103.4942217
"896","NLA12_NE-170-2012","NLA12_NE-170",4,"2012-8-27",40.76510679,-96.85405546
"897","NLA12_NH-107-2012","NLA12_NH-107",4,"2012-7-31",42.94554682,-71.23683903
"898","NLA12_NH-108-2012","NLA12_NH-108",4,"2012-6-12",43.36765664,-71.24468602
"899","NLA12_NH-109-2012","NLA12_NH-109",4,"2012-7-19",42.99011487,-72.07432508
"900","NLA12_NH-111-2012","NLA12_NH-111",4,"2012-7-17",43.38482901,-70.98609163
"901","NLA12_NH-112-2012","NLA12_NH-112",4,"2012-6-21",42.73918269,-71.9370297
"902","NLA12_NH-115-2012","NLA12_NH-115",4,"2012-8-7",43.80812429,-71.11845765
"903","NLA12_NJ-106-2012","NLA12_NJ-106",4,"2012-9-14",41.03000369,-74.30117131
"904","NLA12_NJ-107-2012","NLA12_NJ-107",4,"2012-6-26",41.24716907,-74.52116845
"905","NLA12_NJ-118-2012","NLA12_NJ-118",4,"2012-7-10",40.79987801,-74.78468146
"906","NLA12_NJ-119-2012","NLA12_NJ-119",4,"2012-7-11",41.05618106,-74.48217948
"907","NLA12_NV-119-2012","NLA12_NV-119",4,"2012-7-10",41.6332907,-118.3893572
"908","NLA12_NV-137-2012","NLA12_NV-137",4,"2012-7-16",41.16858314,-119.8174513
"909","NLA12_NV-177-2012","NLA12_NV-177",4,"2012-7-17",41.69458237,-118.7419158
"910","NLA12_NY-0104-2012","NLA12_NY-0104",4,"2012-6-13",43.62876093,-73.42646982
"911","NLA12_NY-0106-2012","NLA12_NY-0106",4,"2012-7-12",44.37867633,-74.36423487
"912","NLA12_NY-0109-2012","NLA12_NY-0109",4,"2012-7-18",44.73604256,-74.06546921
"913","NLA12_NY-0110-2012","NLA12_NY-0110",4,"2012-7-15",43.8504499,-73.63471673
"914","NLA12_NY-0111-2012","NLA12_NY-0111",4,"2012-7-16",43.24193911,-74.48992678
"915","NLA12_NY-0112-2012","NLA12_NY-0112",4,"2012-9-14",42.32527988,-77.17720022
"916","NLA12_NY-R08-2012","NLA12_NY-R08",4,"2012-7-17",42.01444485,-74.05739193
"917","NLA12_NY-R11-2012","NLA12_NY-R11",4,"2012-7-19",42.06057748,-74.17588801
"918","NLA12_OH-112-2012","NLA12_OH-112",4,"2012-9-6",41.23823423,-83.02039327
"919","NLA12_OH-113-2012","NLA12_OH-113",4,"2012-9-19",40.76004634,-81.10117086
"920","NLA12_OH-118-2012","NLA12_OH-118",4,"2012-7-17",40.70340664,-83.37874497
"921","NLA12_OH-134-2012","NLA12_OH-134",4,"2012-8-2",40.17663921,-84.26522022
"922","NLA12_OH-136-2012","NLA12_OH-136",4,"2012-7-11",41.11051556,-82.08387214
"923","NLA12_OH-R02-2012","NLA12_OH-R02",4,"2012-7-30",41.13160512,-81.23283319
"924","NLA12_OH-R03-2012","NLA12_OH-R03",4,"2012-9-5",41.44474462,-81.17478031
"925","NLA12_OR-121-2012","NLA12_OR-121",4,"2012-8-20",44.39992585,-121.8013897
"926","NLA12_OR-123-2012","NLA12_OR-123",4,"2012-7-17",42.13001338,-122.4782769
"927","NLA12_OR-126-2012","NLA12_OR-126",4,"2012-9-10",44.83363547,-121.8137759
"928","NLA12_OR-129-2012","NLA12_OR-129",7.15806451612903,"2012-7-30",43.85416637,-124.1467548
"929","NLA12_OR-133-2012","NLA12_OR-133",4.43225806451613,"2012-6-20",43.59526826,-123.2788429
"930","NLA12_OR-145-2012","NLA12_OR-145",4.6673835125448,"2012-7-31",43.50524621,-124.2304141
"931","NLA12_OR-154-2012","NLA12_OR-154",4,"2012-8-7",44.36264218,-117.6939324
"932","NLA12_OR-155-2012","NLA12_OR-155",4,"2012-7-18",42.41052213,-122.7698835
"933","NLA12_OR-160-2012","NLA12_OR-160",4,"2012-8-21",43.81091778,-121.9093017
"934","NLA12_OR-167-2012","NLA12_OR-167",4,"2012-9-19",46.10040452,-123.9286129
"935","NLA12_OR-169-2012","NLA12_OR-169",4.28387096774193,"2012-7-11",43.96521803,-122.6839683
"936","NLA12_OR-173-2012","NLA12_OR-173",4,"2012-9-11",44.77856094,-121.7858008
"937","NLA12_PA-108-2012","NLA12_PA-108",4,"2012-5-30",40.15293661,-74.79768626
"938","NLA12_PA-110-2012","NLA12_PA-110",4,"2012-7-11",41.72867632,-75.69455486
"939","NLA12_PA-111-2012","NLA12_PA-111",4,"2012-8-23",41.23632668,-79.65610085
"940","NLA12_PA-114-2012","NLA12_PA-114",4,"2012-7-18",41.63094162,-75.54850707
"941","NLA12_PA-118-2012","NLA12_PA-118",4,"2012-6-27",41.28167082,-75.48540368
"942","NLA12_PA-119-2012","NLA12_PA-119",4,"2012-9-6",40.15803635,-78.97299781
"943","NLA12_PA-R10-2012","NLA12_PA-R10",4,"2012-7-23",40.67933272,-78.32911925
"944","NLA12_RI-111-2012","NLA12_RI-111",4,"2012-7-5",41.77464309,-71.44686035
"945","NLA12_SD-126-2012","NLA12_SD-126",4,"2012-7-10",45.49815844,-97.61396918
"946","NLA12_SD-134-2012","NLA12_SD-134",4,"2012-7-16",45.55612315,-99.77590227
"947","NLA12_SD-141-2012","NLA12_SD-141",4,"2012-8-28",45.81116472,-99.28278555
"948","NLA12_SD-143-2012","NLA12_SD-143",4,"2012-8-16",43.89012129,-101.1518294
"949","NLA12_SD-147-2012","NLA12_SD-147",4,"2012-8-6",43.20148574,-99.61980464
"950","NLA12_SD-154-2012","NLA12_SD-154",4,"2012-8-22",44.83195396,-97.72143694
"951","NLA12_SD-157-2012","NLA12_SD-157",4,"2012-8-27",45.91255997,-99.21601903
"952","NLA12_SD-158-2012","NLA12_SD-158",4,"2012-7-11",45.23398781,-96.5208005
"953","NLA12_SD-165-2012","NLA12_SD-165",4,"2012-7-26",44.32204695,-99.73243077
"954","NLA12_SD-168-2012","NLA12_SD-168",4,"2012-6-18",45.46848158,-102.4051988
"955","NLA12_SD-183-2012","NLA12_SD-183",4,"2012-7-5",43.44309912,-99.25760578
"956","NLA12_SD-212-2012","NLA12_SD-212",4,"2012-7-27",45.09124999,-100.4923803
"957","NLA12_UT-110-2012","NLA12_UT-110",4,"2012-6-12",40.87400683,-109.1380738
"958","NLA12_UT-118-2012","NLA12_UT-118",4,"2012-8-8",40.8207594,-110.3898186
"959","NLA12_UT-122-2012","NLA12_UT-122",4,"2012-8-29",40.83133152,-110.0193773
"960","NLA12_UT-126-2012","NLA12_UT-126",4,"2012-8-14",41.92315669,-111.6571345
"961","NLA12_UT-159-2012","NLA12_UT-159",4,"2012-8-15",40.70452574,-110.9631214
"962","NLA12_UT-160-2012","NLA12_UT-160",4,"2012-6-21",41.70168986,-113.9596706
"963","NLA12_UT-203-2012","NLA12_UT-203",4,"2012-7-23",40.58885713,-111.5899784
"964","NLA12_UT-229-2012","NLA12_UT-229",4,"2012-9-5",40.88926752,-109.8461084
"965","NLA12_UT-294-2012","NLA12_UT-294",4,"2012-7-17",40.75243409,-111.7195606
"966","NLA12_UT-324-2012","NLA12_UT-324",4,"2012-9-4",40.67460225,-110.9706993
"967","NLA12_UT-325-2012","NLA12_UT-325",4,"2012-9-5",40.9060993,-111.5911941
"968","NLA12_UT-343-2012","NLA12_UT-343",4,"2012-9-11",40.9225409,-110.1185889
"969","NLA12_UT-400-2012","NLA12_UT-400",4,"2012-9-27",40.05768033,-110.627715
"970","NLA12_UT-412-2012","NLA12_UT-412",4,"2012-9-25",40.86378075,-109.8118146
"971","NLA12_VT-106-2012","NLA12_VT-106",4,"2012-7-2",44.77783926,-71.79916952
"972","NLA12_VT-110-2012","NLA12_VT-110",4,"2012-8-22",44.74644759,-72.59930665
"973","NLA12_VT-112-2012","NLA12_VT-112",4,"2012-7-5",44.41873636,-72.94729757
"974","NLA12_VT-115-2012","NLA12_VT-115",4,"2012-8-13",44.42819135,-72.23012775
"975","NLA12_WA-114-2012","NLA12_WA-114",4,"2012-8-30",47.03340588,-122.9080173
"976","NLA12_WA-115-2012","NLA12_WA-115",4,"2012-9-5",48.95919311,-118.1271161
"977","NLA12_WA-116-2012","NLA12_WA-116",4,"2012-9-12",46.94126809,-119.27853
"978","NLA12_WA-118-2012","NLA12_WA-118",4,"2012-7-2",47.35148384,-121.9912542
"979","NLA12_WA-120-2012","NLA12_WA-120",4,"2012-9-6",48.29227506,-118.32282
"980","NLA12_WA-121-2012","NLA12_WA-121",4,"2012-7-5",47.85188997,-122.2449986
"981","NLA12_WA-124-2012","NLA12_WA-124",4,"2012-9-7",48.03662397,-118.8932554
"982","NLA12_WA-125-2012","NLA12_WA-125",4,"2012-8-23",47.13372828,-124.0473316
"983","NLA12_WA-126-2012","NLA12_WA-126",4,"2012-7-19",48.40619468,-117.180602
"984","NLA12_WA-129-2012","NLA12_WA-129",4,"2012-8-1",46.15548587,-121.701039
"985","NLA12_WA-131-2012","NLA12_WA-131",4,"2012-8-8",48.39574918,-120.1848543
"986","NLA12_WA-133-2012","NLA12_WA-133",4.06774193548387,"2012-8-15",48.56842531,-123.0735207
"987","NLA12_WA-138-2012","NLA12_WA-138",4,"2012-7-10",47.59338259,-122.1245929
"988","NLA12_WA-141-2012","NLA12_WA-141",4,"2012-7-11",47.24381556,-122.757955
"989","NLA12_WA-146-2012","NLA12_WA-146",4,"2012-8-28",46.42220235,-121.5971666
"990","NLA12_WA-147-2012","NLA12_WA-147",4,"2012-8-7",48.23081534,-119.7765868
"991","NLA12_WA-151-2012","NLA12_WA-151",4,"2012-9-18",48.687922,-121.6679362
"992","NLA12_WA-154-2012","NLA12_WA-154",4,"2012-9-25",46.83110249,-122.4473471
"993","NLA12_WA-159-2012","NLA12_WA-159",4,"2012-9-13",46.62199741,-120.5560269
"994","NLA12_WA-R08-2012","NLA12_WA-R08",4,"2012-7-30",47.13311657,-119.9153732
"995","NLA12_WA-R09-2012","NLA12_WA-R09",4,"2012-7-31",47.58873889,-119.3227985
"996","NLA12_WA-R10-2012","NLA12_WA-R10",4,"2012-8-1",46.95906591,-119.2902715
"997","NLA12_WA-R11-2012","NLA12_WA-R11",4,"2012-8-7",48.86544591,-121.6771636
"998","NLA12_WI-112-2012","NLA12_WI-112",4,"2012-7-19",45.62088904,-88.07300702
"999","NLA12_WI-113-2012","NLA12_WI-113",4,"2012-7-5",43.81355964,-89.30356704
"1000","NLA12_WI-115-2012","NLA12_WI-115",4,"2012-8-20",45.89865584,-89.6943733
"1001","NLA12_WI-117-2012","NLA12_WI-117",4,"2012-7-10",44.0425333,-89.21610906
"1002","NLA12_WI-128-2012","NLA12_WI-128",4,"2012-7-25",44.67992189,-88.71573368
"1003","NLA12_WI-131-2012","NLA12_WI-131",4,"2012-7-18",45.97188548,-89.38901466
"1004","NLA12_WI-133-2012","NLA12_WI-133",4,"2012-9-5",44.29583634,-87.73414988
"1005","NLA12_WI-136-2012","NLA12_WI-136",4,"2012-7-11",43.05664122,-88.45502863
"1006","NLA12_WI-138-2012","NLA12_WI-138",4,"2012-8-27",45.19365958,-90.44187712
"1007","NLA12_WI-142-2012","NLA12_WI-142",4,"2012-9-25",46.25160505,-90.36722351
"1008","NLA12_WI-144-2012","NLA12_WI-144",4,"2012-7-26",44.92260841,-89.03917287
"1009","NLA12_WI-151-2012","NLA12_WI-151",4,"2012-7-31",45.73469469,-91.57086287
"1010","NLA12_WI-152-2012","NLA12_WI-152",4,"2012-7-2",42.59803618,-88.61516896
"1011","NLA12_WI-154-2012","NLA12_WI-154",4,"2012-7-16",45.39105151,-89.17936483
"1012","NLA12_WI-157-2012","NLA12_WI-157",4,"2012-9-19",43.53712279,-90.95935275
"1013","NLA12_WI-161-2012","NLA12_WI-161",4,"2012-8-14",44.3329463,-89.18303988
"1014","NLA12_WI-163-2012","NLA12_WI-163",4,"2012-8-28",46.47406064,-92.04491337
"1015","NLA12_WI-168-2012","NLA12_WI-168",4,"2012-7-13",42.50962706,-88.26962301
"1016","NLA12_WI-170-2012","NLA12_WI-170",4,"2012-9-11",45.57708435,-89.1648747
"1017","NLA12_WI-171-2012","NLA12_WI-171",4,"2012-8-29",45.7344156,-92.53857737
"1018","NLA12_WI-173-2012","NLA12_WI-173",4,"2012-9-18",43.60640518,-90.09230591
"1019","NLA12_WI-174-2012","NLA12_WI-174",4,"2012-9-24",46.25445969,-89.84834363
"1020","NLA12_WI-176-2012","NLA12_WI-176",4,"2012-9-10",45.41937109,-87.91729236
"1021","NLA12_WI-179-2012","NLA12_WI-179",4,"2012-8-21",45.80478692,-89.71210018
"1022","NLA12_WI-181-2012","NLA12_WI-181",4,"2012-9-4",44.07085734,-87.73427579
"1023","NLA12_WI-183-2012","NLA12_WI-183",4,"2012-9-26",46.17950483,-90.98648796
"1024","NLA12_WI-188-2012","NLA12_WI-188",4,"2012-9-17",42.73179781,-88.94241893
"1025","NLA12_WI-R12-2012","NLA12_WI-R12",4,"2012-8-8",46.05021865,-89.86417404
"1026","NLA12_WI-R13-2012","NLA12_WI-R13",4,"2012-8-9",45.98604436,-89.80657406
"1027","NLA12_WY-115-2012","NLA12_WY-115",4,"2012-8-3",41.15233931,-110.8249531
"1028","NLA12_WY-116-2012","NLA12_WY-116",4,"2012-8-5",42.80153184,-109.4608964
"1029","NLA12_WY-125-2012","NLA12_WY-125",4,"2012-9-6",43.16510906,-109.8031724
"1030","NLA12_WY-133-2012","NLA12_WY-133",4,"2012-7-31",42.71197472,-109.1788711
"1031","NLA12_WY-137-2012","NLA12_WY-137",4,"2012-9-14",44.78132376,-109.2547289
"1032","NLA12_WY-147-2012","NLA12_WY-147",4,"2012-9-17",42.04937237,-110.0809239
"1033","NLA12_WY-151-2012","NLA12_WY-151",4,"2012-9-15",41.20465089,-106.2591701
"1034","NLA12_WY-R08-2012","NLA12_WY-R08",4,"2012-8-21",41.36491157,-106.3458452
