,lakeID,Perimeter,NoPoints,MaxLength,Spacing
631,NLA06608-0925,1120836.3,3000,46769.92937,373.6120999
594,NLA06608-0483,712617.0773,3000,15311.88734,237.5390258
743,NLA06608-1668,659837.8772,3000,7332.019015,219.9459591
560,NLA06608-3083,634196.5369,3000,27039.00454,211.3988456
141,NLA06608-2831,495308.4167,3000,10608.76022,165.1028056
543,NLA06608-TX:30,391572.1138,3000,16990.84661,130.5240379
545,NLA06608-1800,363712.0431,3000,13018.31195,121.2373477
99,NLA06608-0361,361926.0825,3000,7228.741993,120.6420275
607,NLA06608-1284,264604.5894,3000,11618.34107,88.20152981
746,NLA06608-1985,220016.3923,3000,15670.64212,73.33879743
722,NLA06608-0257,217776.5009,3000,19086.49388,72.59216698
242,NLA06608-1652,204586.5316,3000,4252.120636,68.19551054
528,NLA06608-0244,194106.0292,3000,11096.4059,64.70200972
739,NLA06608-1288,182749.9674,3000,14382.71423,60.91665579
446,NLA06608-0950,182492.4364,3000,19807.82933,60.83081215
502,NLA06608-4320,182317.0701,3000,11332.97991,60.77235671
559,NLA06608-0456,178787.6654,3000,18655.58187,59.59588848
572,NLA06608-TX:5,178673.1758,3000,16391.53721,59.55772528
342,NLA06608-4650,172678.4187,3000,10216.64919,57.5594729
150,NLA06608-1059,163307.7888,3000,46052.30207,54.43592961
563,NLA06608-2807,162528.8754,3000,9795.985176,54.1762918
720,NLA06608-3157,143901.9713,3000,5143.276604,47.96732375
265,NLA06608-0239,142352.033,3000,7814.035016,47.45067768
585,NLA06608-TX:14,141557.9064,3000,13587.76986,47.18596881
140,NLA06608-1323,140424.3534,3000,10362.86727,46.8081178
616,NLA06608-0637,135890.9479,3000,12369.38693,45.29698262
87,NLA06608-R322,135194.7986,3000,3904.825358,45.06493285
555,NLA06608-1300,130842.1736,3000,10923.81802,43.61405788
397,NLA06608-R736,129110.2139,3000,10256.41238,43.03673796
109,NLA06608-FL:107895579,117956.1688,3000,10621.73604,39.31872293
407,NLA06608-R759,115436.1459,3000,9148.354984,38.47871531
564,NLA06608-0599,108143.6321,3000,13682.35387,36.04787736
179,NLA06608-0341,104289.6509,3000,31787.56304,34.76321696
544,NLA06608-0328,103747.7331,3000,13750.07154,34.5825777
566,NLA06608-TX:29,98197.47193,3000,6673.342189,32.73249064
218,NLA06608-0041,97970.9725,3000,3620.289275,32.65699083
520,NLA06608-3320,86503.72746,3000,6985.377544,28.83457582
136,NLA06608-0089,84214.96407,3000,10388.32721,28.07165469
286,NLA06608-0860,79128.82342,3000,4564.290813,26.37627447
137,NLA06608-0203,75195.9319,3000,2380.422192,25.06531063
268,NLA06608-0403,73848.37316,3000,11574.64587,24.61612439
95,NLA06608-0473,70007.11027,3000,5228.067171,23.33570342
221,NLA06608-0580,66453.98444,3000,1499.155604,22.15132815
138,NLA06608-0921,63716.08214,3000,3256.480843,21.23869405
387,NLA06608-1975,63606.92004,3000,8759.601058,21.20230668
210,NLA06608-0111,62768.26758,3000,5932.682337,20.92275586
111,NLA06608-1861,62476.58963,3000,19170.50268,20.82552988
741,NLA06608-1358,59835.52325,3000,18720.33447,19.94517442
248,NLA06608-0847,59596.33412,3000,12950.79699,19.86544471
433,NLA06608-2874,59012.21728,3000,6223.535898,19.67073909
344,NLA06608-1863,58349.42261,3000,4376.427386,19.44980754
250,NLA06608-0066,58269.40058,3000,4777.806414,19.42313353
461,NLA06608-1959,55338.58448,3000,8859.687642,18.44619483
76,NLA06608-R326,55280.85611,3000,2470.895123,18.42695204
177,NLA06608-0021,55150.5535,3000,23961.61434,18.38351783
586,NLA06608-0260,54769.22721,3000,6519.56765,18.25640907
654,NLA06608-2889,54283.00503,3000,22931.58966,18.09433501
263,NLA06608-2507,53716.34315,3000,3210.673004,17.90544772
721,NLA06608-0581,51933.74904,3000,8682.360066,17.31124968
687,NLA06608-0849,49078.72151,3000,11517.96854,16.35957384
592,NLA06608-0015,48904.86747,3000,1626.30942,16.30162249
726,NLA06608-0393,47609.38264,3000,2763.11264,15.86979421
686,NLA06608-1958,46660.44519,3000,7259.259203,15.55348173
507,NLA06608-1960,46152.49478,3000,6312.339827,15.38416493
391,NLA06608-1052,44963.88587,3000,9180.309386,14.98796196
78,NLA06608-R323,43698.58711,3000,1517.734388,14.5661957
120,NLA06608-0618,43651.50554,3000,5210.54234,14.55050185
556,NLA06608-TX:22,43518.73934,3000,6113.643215,14.50624645
629,NLA06608-1602,42603.83555,3000,5328.592093,14.20127852
341,NLA06608-0436,42305.70435,3000,2843.865096,14.10190145
546,NLA06608-0500,42288.64298,3000,3119.084099,14.09621433
149,NLA06608-0291,42180.05054,3000,11460.17726,14.06001685
139,NLA06608-1241,42125.01886,3000,2279.79238,14.04167295
213,NLA06608-0893,40637.47726,3000,2745.655654,13.54582575
730,NLA06608-1461,40392.88003,3000,8476.425567,13.46429334
508,NLA06608-4643,39603.72881,3000,3638.865165,13.20124294
343,NLA06608-2524,39124.45816,3000,5798.013557,13.04148605
676,NLA06608-0561,39102.03621,3000,9903.103651,13.03401207
596,NLA06608-0495,39071.3318,3000,3972.016077,13.02377727
701,NLA06608-0597,38582.90681,3000,14101.2921,12.86096894
745,NLA06608-1010,38113.97085,3000,3210.90694,12.70465695
270,NLA06608-0238,37353.03474,3000,8951.672855,12.45101158
561,NLA06608-3228,37185.04218,3000,6633.410945,12.39501406
650,NLA06608-1893,36537.07518,3000,5929.022134,12.17902506
92,NLA06608-0857,36373.11686,3000,5316.570024,12.12437229
220,NLA06608-1103,36028.16554,3000,5860.624306,12.00938851
495,NLA06608-1120,35674.44669,3000,3927.965508,11.89148223
574,NLA06608-0144,35275.71975,3000,6942.15222,11.75857325
295,NLA06608-0859,35159.3757,3000,3081.606221,11.7197919
657,NLA06608-1153,34522.68755,3000,14852.54924,11.50756252
209,NLA06608-0509,34222.03626,3000,3266.009944,11.40734542
404,NLA06608-0720,34060.21074,3000,5202.16139,11.35340358
693,NLA06608-1873,34011.61322,3000,7427.02016,11.33720441
588,NLA06608-0116,33377.39112,3000,3503.641926,11.12579704
568,NLA06608-1436,33152.82193,3000,4662.011498,11.05094064
212,NLA06608-0863,32701.4809,3000,4897.466024,10.90049363
670,NLA06608-1057,31935.42295,3000,9710.055787,10.64514098
672,NLA06608-0650,31614.40091,3000,7774.243585,10.53813364
122,NLA06608-0651,31388.92583,3000,4317.267867,10.46297528
328,NLA06608-0672,30830.65131,3000,4715.208392,10.27688377
692,NLA06608-0209,30797.65052,3000,8342.442711,10.26588351
335,NLA06608-MN:06-0002,30577.73837,3000,5456.896699,10.19257946
581,NLA06608-1623,824.341637,82,315.8505531,10.05294679
102,NLA06608-0297,823.8384557,82,320.9763598,10.04681044
346,NLA06608-0048,1053.717151,105,388.4103536,10.03540144
611,NLA06608-0090,1324.579191,132,564.0467791,10.03469084
355,NLA06608-0634,1594.983184,159,623.5122869,10.03134078
519,NLA06608-1356,1223.566656,122,396.4215148,10.02923488
613,NLA06608-1183,1624.7326,162,570.7542413,10.02921358
614,NLA06608-0671,1263.639992,126,460.6751992,10.02888883
38,NLA06608-ELS:1C2-032,1654.676394,165,562.0720926,10.02834178
711,NLA06608-1425,1534.309038,153,510.9121825,10.02816365
131,NLA06608-0865,1203.305149,120,473.8900067,10.02754291
17,NLA06608-0802,1684.513595,168,625.5694401,10.02686664
697,NLA06608-1281,972.605338,97,386.8706115,10.02685915
153,NLA06608-0811,1233.288588,123,416.1230764,10.02673649
565,NLA06608-0072,1293.335986,129,476.9041054,10.02586036
168,NLA06608-1690,1513.770816,151,479.5890138,10.02497229
390,NLA06608-1208,1573.896217,157,576.9659973,10.02481667
579,NLA06608-1992,1122.716604,112,395.0987806,10.02425539
39,NLA06608-ALPS-1218,1182.856154,118,433.8381739,10.0242047
321,NLA06608-1075,1874.462577,187,638.4133114,10.02386405
260,NLA06608-1556,1663.924447,166,503.3039992,10.02364124
256,NLA06608-1163,1854.27833,185,746.6788658,10.02312611
323,NLA06608-R715,1743.988068,174,664.2056483,10.02291993
587,NLA06608-0340,1683.845786,168,726.3745635,10.02289158
548,NLA06608-0616,1332.895576,133,434.629,10.02177125
661,NLA06608-1537,1513.273316,151,500.1588066,10.02167759
195,NLA06608-1643,1894.066552,189,711.0203641,10.02151615
393,NLA06608-0312,1853.940193,185,734.7939074,10.02129834
600,NLA06608-1695,1833.889771,183,591.394131,10.02125558
558,NLA06608-1496,1242.616008,124,368.2648947,10.02109684
89,NLA06608-0413,1713.592838,171,694.3778296,10.02101075
101,NLA06608-0025,1923.891738,192,751.3353427,10.02026947
562,NLA06608-0712,1723.473807,172,608.267787,10.02019655
88,NLA06608-0345,2084.015012,208,822.1796852,10.01930294
728,NLA06608-0565,2524.842458,252,842.5048425,10.0192161
444,NLA06608-0842,1583.032223,158,508.27439,10.01919129
246,NLA06608-1060,1462.761661,146,315.8056354,10.01891549
468,NLA06608-1510,1863.408006,186,382.3988856,10.01832261
576,NLA06608-1735,1172.140923,117,498.0625644,10.01829849
338,NLA06608-1166,2123.833532,212,758.1856623,10.0180827
105,NLA06608-0594,1182.132738,118,491.8047561,10.01807405
465,NLA06608-1655,2043.64804,204,618.2025598,10.01788255
580,NLA06608-2663,2614.565671,261,1019.397631,10.01749299
590,NLA06608-1236,1712.990366,171,614.0682452,10.01748752
462,NLA06608-0259,1672.787154,167,641.3333397,10.01668954
541,NLA06608-0984,1572.582435,157,606.6142682,10.01644863
125,NLA06608-1087,821.3306022,82,300.5186005,10.01622686
27,NLA06608-2566,3094.975836,309,1154.940686,10.01610303
315,NLA06608-MN:74-0023,2584.153621,258,1043.58319,10.01609931
110,NLA06608-0709,2423.853481,242,876.1107174,10.01592347
425,NLA06608-0692,2113.353703,211,534.633928,10.01589433
577,NLA06608-2776,1772.762234,177,663.3522454,10.01560584
310,NLA06608-MN:61-0037,3064.752625,306,1017.877587,10.01553145
364,NLA06608-1102,1592.440038,159,600.9830937,10.01534615
523,NLA06608-1488,2333.574892,233,634.1688165,10.01534288
18,NLA06608-0674,2413.639099,241,902.990269,10.0151
480,NLA06608-0531,1822.691772,182,765.9897244,10.01478996
301,NLA06608-1840,2163.171866,216,749.406444,10.01468457
459,NLA06608-0179,2153.101726,215,564.0109715,10.01442663
732,NLA06608-1481,3294.564001,329,1030.605648,10.01387234
156,NLA06608-0987,1772.449513,177,620.7182698,10.01383906
447,NLA06608-2266,1451.98991,145,615.2502215,10.01372352
423,NLA06608-1147,3134.280059,313,1280.143045,10.01367431
254,NLA06608-0479,1952.611277,195,819.7069151,10.01339116
395,NLA06608-1012,1792.376835,179,563.1569585,10.01327841
163,NLA06608-1515,2252.969079,225,829.513764,10.01319591
1,NLA06608-NELP-1330,2022.65152,202,514.3223266,10.01312634
356,NLA06608-0014,1331.737165,133,524.2653991,10.01306139
133,NLA06608-FL:99344895,2503.256777,250,777.5614675,10.01302711
685,NLA06608-R10COUNCI,1832.310568,183,736.3237185,10.01262605
164,NLA06608-0619,3754.729292,375,1327.880516,10.01261144
575,NLA06608-1224,3284.078051,328,1262.331998,10.01243308
493,NLA06608-0779,1882.307146,188,509.1227209,10.01227205
681,NLA06608-0005,1912.340785,191,637.117987,10.01225542
162,NLA06608-2523,3253.947834,325,722.0151593,10.01214718
285,NLA06608-1223,3544.296542,354,833.3770764,10.01213713
349,NLA06608-0583,3444.088158,344,1188.349103,10.01188418
365,NLA06608-0190,981.1593598,98,395.4557676,10.0118302
121,NLA06608-1711,1611.894906,161,604.0105169,10.0117696
498,NLA06608-0276,3153.685128,315,959.4895977,10.01169882
25,NLA06608-1586,4274.958343,427,1597.16765,10.01161204
358,NLA06608-0302,1291.497803,129,479.6588236,10.01161088
374,NLA06608-0247,3964.571548,396,1338.77775,10.01154431
94,NLA06608-1177,2843.270654,284,866.476122,10.01151639
189,NLA06608-ELS:2C2-048,1051.208326,105,350.1641332,10.01150787
130,NLA06608-2565,3083.524815,308,1128.780335,10.0114442
143,NLA06608-1654,3624.102494,362,1200.178789,10.01133286
359,NLA06608-0174,3043.379175,304,1118.424178,10.01111571
677,NLA06608-0049,1902.06945,190,465.1230602,10.01089184
325,NLA06608-0968,4104.440953,410,1480.374059,10.01083159
249,NLA06608-0957,2172.307381,217,726.303848,10.01063309
535,NLA06608-3480,2682.787955,268,672.8524601,10.01040282
187,NLA06608-1242,3103.122072,310,759.5473779,10.0100712
703,NLA06608-2726,2242.227386,224,793.207952,10.00994369
34,NLA06608-0293,2432.410546,243,892.3832883,10.00991994
194,NLA06608-0875,2492.434581,249,935.3038026,10.00977743
24,NLA06608-2354,1801.759566,180,692.3048483,10.00977537
410,NLA06608-R788,1911.842817,191,737.1191133,10.00964826
326,NLA06608-1232,1841.771733,184,538.0118005,10.00962898
75,NLA06608-1005,1451.382122,145,598.7743606,10.00953187
192,NLA06608-0107,1401.326442,140,511.104372,10.00947459
353,NLA06608-1038,5324.866962,532,1590.411072,10.00914842
649,NLA06608-3313,5414.900826,541,1458.744328,10.00905883
688,NLA06608-0658,3653.2951,365,1455.648376,10.00902767
73,NLA06608-1517,4684.187314,468,734.5696415,10.00894725
436,NLA06608-1002,1100.975687,110,266.1695207,10.00886988
262,NLA06608-OH:19,530.466118,53,196.9046441,10.00879468
43,NLA06608-0226,990.8569561,99,342.9038897,10.00865612
47,NLA06608-0946,5454.704064,545,1363.542887,10.00863131
253,NLA06608-OH:22,1611.382999,161,685.4083796,10.00859006
704,NLA06608-2134,4553.90309,455,774.4603306,10.00857822
35,NLA06608-0294,4683.993435,468,1886.335024,10.00853298
300,NLA06608-0624,5294.492439,529,954.7217856,10.00849232
421,NLA06608-0452,1130.957865,113,457.0346989,10.00847668
377,NLA06608-1259,1761.478314,176,640.9278853,10.00839951
278,NLA06608-2135,5664.750109,566,2170.033326,10.00839242
479,NLA06608-0899,3602.988337,360,1258.799806,10.00830094
440,NLA06608-1968,4914.045236,491,1546.201987,10.00823877
119,NLA06608-1039,3182.5996,318,893.4532749,10.00817484
229,NLA06608-1332,5854.656935,585,893.9882484,10.00796057
63,NLA06608-2253,5394.190873,539,719.236814,10.00777527
597,NLA06608-0511,5734.454218,573,1986.825793,10.0077735
396,NLA06608-1460,4283.307159,428,1195.163052,10.00772701
514,NLA06608-3616,5183.957208,518,1482.995032,10.0076394
55,NLA06608-1273,4253.154529,425,1325.201057,10.00742242
184,NLA06608-ELS:2B2-008,970.7094067,97,344.5746958,10.00731347
320,NLA06608-0462,6724.892883,672,2090.180323,10.00728108
706,NLA06608-1638,5453.936151,545,1570.754426,10.00722229
385,NLA06608-1148,5844.212145,584,2054.46971,10.00721258
203,NLA06608-0399,3112.23228,311,634.263301,10.00717775
259,NLA06608-2196,1390.963987,139,455.4756473,10.00693516
598,NLA06608-1455,1230.846364,123,502.8104309,10.00688101
54,NLA06608-0421,3982.719367,398,1090.832759,10.00683258
347,NLA06608-0080,6184.212282,618,1866.200844,10.00681599
415,NLA06608-R791,4643.107639,464,1589.522881,10.0066975
23,NLA06608-1906,6204.141332,620,1454.693603,10.00667957
62,NLA06608-0717,7064.571813,706,1605.49875,10.00647566
497,NLA06608-0596,5783.741208,578,2123.712267,10.00647268
529,NLA06608-0204,3161.994896,316,1010.029366,10.00631296
333,NLA06608-MN:77-0019,6744.241793,674,1490.166431,10.00629346
510,NLA06608-1124,4812.918077,481,1791.46408,10.00606669
483,NLA06608-1086,4432.654484,443,1335.220655,10.00599206
512,NLA06608-1508,2501.493662,250,637.4695317,10.00597465
547,NLA06608-0228,6814.048641,681,2023.505515,10.00594514
521,NLA06608-4414,3612.142093,361,1387.225222,10.00593377
211,NLA06608-0189,2811.665466,281,1069.911271,10.00592692
378,NLA06608-2027,1851.075929,185,685.3525092,10.00581583
668,NLA06608-1041,5833.38878,583,1916.104068,10.00581266
618,NLA06608-0733,7544.309782,754,3051.684661,10.00571589
635,NLA06608-NV:4,7544.309782,754,3041.196757,10.00571589
26,NLA06608-2162,2921.667513,292,1107.084519,10.00571066
537,NLA06608-1432,1510.844978,151,538.137026,10.00559588
501,NLA06608-4064,4482.479567,448,1265.658891,10.00553475
245,NLA06608-0980,3181.756186,318,1203.266363,10.0055226
696,NLA06608-2177,5142.782984,514,1886.500266,10.00541437
615,NLA06608-2345,4932.658282,493,1464.947535,10.00539205
678,NLA06608-0625,1310.689283,131,587.2577284,10.0052617
16,NLA06608-9999,9604.985723,960,3372.661601,10.00519346
476,NLA06608-0062,2861.482291,286,916.3325805,10.00518284
527,NLA06608-2996,5762.980612,576,1522.190763,10.00517467
367,NLA06608-1836,4682.420616,468,1775.752291,10.00517226
166,NLA06608-1370,1400.721042,140,502.383777,10.0051503
135,NLA06608-2154,2441.24006,244,821.1339062,10.00508222
609,NLA06608-0132,4592.319591,459,1887.109273,10.00505357
437,NLA06608-0944,7423.741765,742,1855.209045,10.00504281
477,NLA06608-1006,9584.777636,958,2591.451278,10.00498709
569,NLA06608-2759,3161.549117,316,1403.060867,10.00490227
666,NLA06608-0449,2841.391505,284,967.0906362,10.00489966
316,NLA06608-0158,5472.64907,547,1989.931185,10.00484291
557,NLA06608-2072,920.4446988,92,327.4722161,10.00483368
313,NLA06608-0926,3491.678469,349,1173.21319,10.00480937
571,NLA06608-1630,9074.345548,907,2489.799818,10.00479112
82,NLA06608-1421,8664.126613,866,1886.06806,10.00476514
193,NLA06608-2155,3561.638822,356,1224.653225,10.00460343
147,NLA06608-0630,2861.289252,286,925.765176,10.00450787
578,NLA06608-3096,2411.075527,241,797.7132836,10.00446277
715,NLA06608-R10CHARLT,3971.767973,397,1132.889992,10.00445333
145,NLA06608-1910,2991.327195,299,942.7108973,10.00443878
682,NLA06608-1329,8313.622843,831,3574.107242,10.00435962
428,NLA06608-2039,6362.733777,636,1176.422041,10.00429839
606,NLA06608-0169,6122.626758,612,1911.227715,10.00429209
157,NLA06608-0043,2881.223083,288,770.9590522,10.00424682
475,NLA06608-0442,4832.043274,483,754.2844085,10.00423038
517,NLA06608-1420,2711.121376,271,1015.094194,10.00413792
334,NLA06608-MN:75-0200,7292.990106,729,2166.632118,10.00410165
84,NLA06608-R334,9854.001447,985,2971.974987,10.00406238
68,NLA06608-1401,7292.9551,729,3293.528208,10.00405364
417,NLA06608-R796,9573.877292,957,2468.652213,10.00405151
65,NLA06608-0661,8863.581858,886,1646.009923,10.00404273
30,NLA06608-3890,8693.486689,869,2958.793354,10.0040123
443,NLA06608-0570,12104.84822,1210,3561.106212,10.0040068
90,NLA06608-0217,9543.806815,954,1376.405842,10.00399037
296,NLA06608-1179,4471.772345,447,1192.903987,10.00396498
304,NLA06608-MN:03-0029,3091.221088,309,873.8852559,10.00395174
306,NLA06608-2007,5172.037661,517,1299.042093,10.00394132
6,NLA06608-EMAP:ME011L,3131.223433,313,1272.821752,10.00390873
277,NLA06608-1367,4831.875103,483,936.4829935,10.0038822
128,NLA06608-0453,10444.03775,1044,3567.020915,10.00386757
118,NLA06608-0207,1140.438968,114,425.1847513,10.0038506
593,NLA06608-1295,3951.474379,395,705.9556267,10.0037326
219,NLA06608-1375,13044.84065,1304,4610.626272,10.00371215
505,NLA06608-0744,1610.574295,161,480.786432,10.00356705
376,NLA06608-2715,9363.327029,936,2930.699509,10.00355452
542,NLA06608-4698,10593.71293,1059,1169.900672,10.00350607
422,NLA06608-1595,7602.656468,760,2613.552888,10.00349535
522,NLA06608-2076,3811.314704,381,1215.200251,10.00345067
182,NLA06608-1274,3721.282644,372,1347.772887,10.00344797
41,NLA06608-0470,5852.00144,585,1872.283857,10.00342126
638,NLA06608-0497,3561.203947,356,1059.779084,10.00338187
274,NLA06608-0622,9943.36039,994,2584.151818,10.00338067
206,NLA06608-0753,4951.644326,495,887.0226316,10.00332187
67,NLA06608-0377,1060.35085,106,417.2276969,10.00330991
59,NLA06608-0869,4141.366244,414,1200.073827,10.00330011
40,NLA06608-NH250L,1050.345158,105,360.2543617,10.00328722
431,NLA06608-0833,9263.027357,926,3279.26209,10.00326928
354,NLA06608-1342,3121.014507,312,812.7358755,10.00325163
115,NLA06608-1185,14394.58413,1439,5243.629273,10.00318563
294,NLA06608-0091,9002.827361,900,3368.469741,10.00314151
381,NLA06608-1739,5001.562478,500,1832.293055,10.00312496
340,NLA06608-0176,9983.099522,998,1632.682738,10.00310573
679,NLA06608-1073,2970.914905,297,777.1872959,10.00308049
509,NLA06608-R730,9092.760823,909,2520.840089,10.00303721
79,NLA06608-ALSC:020149,12303.58632,1230,2005.0089,10.00291571
273,NLA06608-0878,9642.809043,964,3517.197337,10.00291395
499,NLA06608-0372,3330.92427,333,1501.488089,10.00277558
276,NLA06608-0215,13573.75973,1357,3329.100165,10.00277062
64,NLA06608-0029,11193.06427,1119,2063.215596,10.0027384
622,NLA06608-0809,8722.381394,872,1775.610246,10.00273096
473,NLA06608-1462,3580.974137,358,694.8785543,10.00272105
172,NLA06608-1802,10192.75204,1019,2634.103061,10.00270072
155,NLA06608-3035,2000.539295,200,669.8659327,10.00269648
633,NLA06608-2457,6951.864033,695,1657.230368,10.00268206
70,NLA06608-R32,13403.5304,1340,2124.31054,10.00263463
330,NLA06608-MN:51-0063,12193.16361,1219,3416.119039,10.00259525
173,NLA06608-0463,16874.3351,1687,2296.13779,10.00256971
733,NLA06608-1141,4541.135392,454,1603.336687,10.00250086
442,NLA06608-1610,9812.43968,981,1129.741903,10.00248693
455,NLA06608-0339,5471.35705,547,1338.262272,10.0024809
504,NLA06608-0440,14623.55378,1462,2301.776856,10.00243077
21,NLA06608-1222,2550.613732,255,917.0499793,10.00240679
61,NLA06608-1209,16263.88515,1626,3011.378258,10.00238939
361,NLA06608-0254,5741.364067,574,1650.647593,10.00237642
427,NLA06608-3656,3670.86664,367,1110.471891,10.00236142
599,NLA06608-1818,6351.442662,635,1295.48832,10.00227191
518,NLA06608-1016,3240.732163,324,972.1523642,10.00225976
132,NLA06608-1825,5891.305028,589,1789.233615,10.00221567
481,NLA06608-2131,3470.740949,347,1258.688008,10.0021353
500,NLA06608-0872,6541.39037,654,2170.451093,10.00212595
56,NLA06608-1037,22144.68403,2214,2505.445624,10.00211564
659,NLA06608-1089,11122.33009,1112,3704.813875,10.00209541
482,NLA06608-1107,5571.165532,557,1331.810643,10.00209252
445,NLA06608-2634,2150.448636,215,868.7786648,10.00208668
324,NLA06608-1035,8211.691321,821,1807.448366,10.00206007
127,NLA06608-1413,20944.31219,2094,7409.237247,10.00205931
305,NLA06608-MN:49-0140,4730.973555,473,1474.727667,10.00205826
60,NLA06608-0185,8191.647318,819,2304.118596,10.00201138
44,NLA06608-0550,4630.903165,463,1719.786112,10.00195068
441,NLA06608-1338,15752.89588,1575,2248.782823,10.00183865
582,NLA06608-2094,940.1720102,94,337.5011242,10.0018299
451,NLA06608-2714,2700.488483,270,988.2321045,10.0018092
506,NLA06608-4949,17583.1663,1758,2221.216899,10.00180108
239,NLA06608-0148,4690.836885,469,850.9820588,10.0017844
170,NLA06608-0502,2870.498832,287,954.1310108,10.00173809
337,NLA06608-0823,8421.450712,842,2736.583981,10.00172294
430,NLA06608-1879,26884.56154,2688,6818.374411,10.001697
297,NLA06608-1724,3670.611439,367,875.3991486,10.00166605
228,NLA06608-1263,10301.69235,1030,1245.856576,10.00164306
299,NLA06608-0480,3270.536808,327,797.2979718,10.00164162
384,NLA06608-0344,27584.42538,2758,3806.212706,10.00160456
13,NLA06608-0354,2370.376013,237,732.2853586,10.00158655
432,NLA06608-1633,28224.40679,2822,6693.74821,10.00156158
702,NLA06608-0678,8391.292112,839,1398.219381,10.00154006
621,NLA06608-1151,4490.691291,449,1737.320849,10.00153962
205,NLA06608-0533,9401.441427,940,2427.181436,10.00153343
48,NLA06608-NELP-2155,2060.300202,206,719.2907429,10.00145729
226,NLA06608-2644,11271.63718,1127,1245.01151,10.00145269
222,NLA06608-1359,7391.066798,739,3131.735589,10.00144357
214,NLA06608-R328,12231.75041,1223,1723.241337,10.00143124
292,NLA06608-2987,6680.88091,668,815.2796635,10.00131873
152,NLA06608-1131,8771.032142,877,2489.948137,10.0011769
448,NLA06608-0042,4190.492917,419,1666.891925,10.00117641
516,NLA06608-1164,20112.3651,2011,1788.230038,10.00117608
232,NLA06608-0139,9111.03506,911,1635.671438,10.00113618
694,NLA06608-1617,4080.462747,408,1633.937497,10.00113418
658,NLA06608-0129,24972.80447,2497,6560.926068,10.00112314
608,NLA06608-2372,7660.854374,766,1678.82595,10.00111537
224,NLA06608-1007,24062.62493,2406,2429.788995,10.00109099
302,NLA06608-0112,29543.18105,2954,3076.760628,10.00107686
540,NLA06608-1240,4350.465389,435,1091.285982,10.00106986
639,NLA06608-1170,12811.3662,1281,4085.758683,10.00106651
261,NLA06608-0724,8970.940629,897,1158.298787,10.00104864
373,NLA06608-0523,9060.89191,906,3377.971985,10.00098445
366,NLA06608-R784,26902.62039,2690,5911.117763,10.00097412
671,NLA06608-2250,22092.1312,2209,5241.924211,10.00096478
515,NLA06608-1568,18531.7425,1853,4985.632807,10.00094037
742,NLA06608-1473,11921.11784,1192,2568.179453,10.00093779
117,NLA06608-0458,8300.768977,830,2386.09116,10.00092648
467,NLA06608-0001,3130.288456,313,1277.659341,10.00092158
252,NLA06608-1055,1310.119751,131,518.3497235,10.00091413
351,NLA06608-0659,5080.449485,508,1846.727873,10.00088481
106,NLA06608-0223,4130.362505,413,987.8440831,10.00087774
372,NLA06608-1687,22261.94872,2226,7798.528178,10.00087544
332,NLA06608-ELS:2D3-008,2460.207485,246,942.902411,10.00084344
389,NLA06608-1360,28982.37111,2898,4563.06852,10.00081819
85,NLA06608-0333,15841.29078,1584,4804.194555,10.00081489
223,NLA06608-0175,11080.89417,1108,1793.385377,10.00080702
653,NLA06608-0073,4760.364288,476,1605.875897,10.00076531
160,NLA06608-0299,4090.309628,409,1031.969677,10.00075704
570,NLA06608-3303,18971.42078,1897,3254.65943,10.00074896
281,NLA06608-0435,14591.04364,1459,2795.255062,10.00071532
225,NLA06608-1492,12950.86294,1295,1526.938479,10.00066636
707,NLA06608-1426,12280.79874,1228,1876.042974,10.00065044
151,NLA06608-1707,6240.385483,624,1593.69721,10.00061776
230,NLA06608-1499,2940.16709,294,1209.737113,10.00056833
401,NLA06608-1576,27441.51841,2744,5844.742512,10.00055336
112,NLA06608-1569,15910.86094,1591,5590.498844,10.00054113
636,NLA06608-2322,3030.151495,303,1175.215409,10.00049998
663,NLA06608-1217,7920.381077,792,3069.037703,10.00048116
370,NLA06608-1948,10470.47642,1047,3379.798163,10.00045504
628,NLA06608-0130,4260.184461,426,1081.370513,10.00043301
673,NLA06608-1930,18750.81014,1875,2521.452692,10.00043207
398,NLA06608-0632,5150.221448,515,1655.578093,10.00043
573,NLA06608-TX:15,20840.82742,2084,2646.946738,10.00039703
97,NLA06608-0281,11340.40913,1134,2206.327815,10.00036079
453,NLA06608-2103,6790.242714,679,2624.720675,10.00035746
227,NLA06608-1775,15560.46968,1556,1420.661844,10.00030185
526,NLA06608-0180,21810.61403,2181,4702.644051,10.00028154
725,NLA06608-1417,5120.138283,512,1479.904438,10.00027008
289,NLA06608-0759,18520.40941,1852,5151.382573,10.00022107
406,NLA06608-0904,10470.22158,1047,1967.693505,10.00021164
165,NLA06608-1679,3220.061073,322,1096.58803,10.00018967
238,NLA06608-0971,19840.34611,1984,5441.599449,10.00017445
530,NLA06608-4659,11370.16685,1137,1403.167685,10.00014675
93,NLA06608-1369,11920.15073,1192,2211.843022,10.00012645
435,NLA06608-0225,9050.113689,905,2434.317055,10.00012562
708,NLA06608-1489,1980.022427,198,642.9615701,10.00011327
409,NLA06608-R7103,5800.032042,580,2469.902132,10.00005524
418,NLA06608-R792,5570.015913,557,1799.032432,10.00002857
727,NLA06608-0245,8720.016458,872,2099.586198,10.00001887
503,NLA06608-4440,13789.92086,1379,4149.686286,9.999942614
103,NLA06608-0319,15289.86702,1529,1488.247885,9.999913029
664,NLA06608-0961,5579.935314,558,1958.617562,9.999884076
275,NLA06608-0743,4199.939627,420,1419.559643,9.999856255
216,NLA06608-1561,6399.903323,640,997.6117613,9.999848942
8,NLA06608-NELP-0253,11109.79831,1111,3137.073068,9.999818459
656,NLA06608-1953,14819.67941,1482,4317.813745,9.999783678
655,NLA06608-0929,27209.20167,2721,5291.323344,9.999706606
175,NLA06608-0367,29619.0115,2962,4916.675919,9.999666272
388,NLA06608-0880,18339.33711,1834,4584.825702,9.999638554
303,NLA06608-MN:11-0102,7809.672567,781,2488.895161,9.999580752
478,NLA06608-1219,10379.553,1038,1851.829227,9.999569361
114,NLA06608-0161,24258.94002,2426,6887.844441,9.999563076
584,NLA06608-TX:10,22728.96241,2273,3213.22026,9.999543514
740,NLA06608-1303,11649.4041,1165,4088.569985,9.999488501
267,NLA06608-MN:15-0010,4529.726439,453,1684.989324,9.999396112
233,NLA06608-1355,11359.26139,1136,4196.188215,9.999349814
626,NLA06608-0617,20468.59794,2047,3889.016595,9.999315067
81,NLA06608-1101,7839.456259,784,2740.041099,9.999306453
202,NLA06608-0974,5969.572177,597,1586.203363,9.999283379
539,NLA06608-4929,2209.826736,221,644.7372395,9.999215998
403,NLA06608-1740,8959.246905,896,2289.040678,9.999159492
534,NLA06608-0152,21628.1594,2163,4321.898152,9.999149051
643,NLA06608-0105,29727.40904,2973,8094.500311,9.999128502
28,NLA06608-4413,6969.366879,697,1482.922929,9.999091648
357,NLA06608-0512,4049.631146,405,1039.476964,9.99908925
167,NLA06608-0874,2569.757582,257,758.3558326,9.999056739
642,NLA06608-2801,6369.390706,637,1842.949256,9.999043495
652,NLA06608-2037,3429.666824,343,816.6216782,9.99902864
11,NLA06608-EMAP:ME263L,24337.62218,2434,3970.877927,9.99902308
603,NLA06608-1439,10778.9103,1078,1889.455563,9.998989143
550,NLA06608-1804,25207.41964,2521,4356.394493,9.998976453
96,NLA06608-0057,9478.997233,948,1658.331479,9.998942229
2,NLA06608-EMAP:ME012L,5879.371194,588,2107.481614,9.998930601
646,NLA06608-0137,5849.358308,585,2434.020265,9.998903091
159,NLA06608-1243,9288.943968,929,1163.000512,9.99886326
86,NLA06608-R318,4829.434004,483,1010.405717,9.998828165
50,NLA06608-ELS:1D1-035,5249.381186,525,1398.200041,9.998821307
623,NLA06608-0873,3329.605222,333,1237.457861,9.998814481
627,NLA06608-0061,23327.22613,2333,5709.067078,9.998811029
699,NLA06608-1297,18167.83734,1817,2600.454521,9.998809763
237,NLA06608-0900,26726.73801,2673,2126.028311,9.998779652
647,NLA06608-2185,17897.77798,1790,4650.249051,9.998758649
705,NLA06608-1446,2239.720592,224,750.1815143,9.998752641
399,NLA06608-0168,2919.633546,292,1136.31084,9.99874502
169,NLA06608-0330,18987.54534,1899,1556.19432,9.998707395
424,NLA06608-0528,17827.67838,1783,5180.003496,9.998697914
116,NLA06608-1482,7269.049428,727,1861.989099,9.998692474
199,NLA06608-0426,8338.89214,834,2077.894052,9.998671631
567,NLA06608-TX:27,25566.58283,2557,4830.53996,9.998663603
645,NLA06608-0905,6279.159577,628,2604.369166,9.998661747
625,NLA06608-0836,4379.39783,438,1524.430641,9.998625183
612,NLA06608-0927,12178.27568,1218,3136.631536,9.998584299
91,NLA06608-1181,2799.581658,280,717.4662162,9.99850592
171,NLA06608-1014,7038.94776,704,2731.02778,9.99850534
637,NLA06608-0241,16597.46251,1660,3296.45875,9.998471393
411,NLA06608-R7101,10278.36642,1028,4736.767503,9.998410914
619,NLA06608-1261,15957.4467,1596,4817.825165,9.998400187
640,NLA06608-0850,11788.0829,1179,4614.86142,9.998373964
383,NLA06608-0891,8058.676595,806,1887.582219,9.998358058
235,NLA06608-1108,28845.24476,2885,3902.479152,9.998351735
309,NLA06608-1454,14447.61545,1445,2672.46953,9.998349792
511,NLA06608-1380,10558.24457,1056,4360.256226,9.998337658
536,NLA06608-0408,6958.836301,696,1753.506886,9.998328018
735,NLA06608-R10FOURMI,10248.28366,1025,3464.580688,9.998325518
72,NLA06608-0493,26275.57162,2628,3152.916363,9.998314924
83,NLA06608-R31,11727.97406,1173,2642.392262,9.998272853
605,NLA06608-1321,13267.6985,1327,5358.017368,9.998265635
457,NLA06608-0718,4119.259491,412,1312.182525,9.998202647
458,NLA06608-0967,7518.640879,752,898.3204609,9.998192658
244,NLA06608-0868,4029.249173,403,1129.796402,9.998136906
738,NLA06608-1270,7388.54295,739,2348.514336,9.998028349
33,NLA06608-0037,13647.26202,1365,2590.488169,9.997994151
624,NLA06608-1129,23015.29878,2302,845.4809587,9.997957768
380,NLA06608-1083,10257.90365,1026,3385.299601,9.99795677
345,NLA06608-0711,24035.03032,2404,5029.78022,9.997932746
496,NLA06608-1748,16356.54901,1636,6596.430364,9.997890591
37,NLA06608-0738,5838.754136,584,1709.215752,9.997866671
271,NLA06608-0366,16876.33898,1688,3093.831524,9.997831152
632,NLA06608-1577,4428.998254,443,1305.486985,9.997738721
669,NLA06608-0785,5738.680534,574,2080.371109,9.99770128
29,NLA06608-0242,17156.03768,1716,4087.683087,9.997690953
413,NLA06608-0044,11947.18819,1195,2646.74597,9.997647019
363,NLA06608-0915,879.792436,88,375.6080252,9.997641318
394,NLA06608-3660,5828.622012,583,1311.66225,9.997636384
272,NLA06608-1262,18245.67981,1825,2881.248833,9.997632771
474,NLA06608-0384,4948.774207,495,1161.472665,9.99752365
744,NLA06608-ELS:1E2-027,9807.568304,981,1804.425061,9.997521207
15,NLA06608-0662,6128.454559,613,2132.460115,9.997478889
463,NLA06608-1703,15406.04695,1541,4520.044558,9.997434752
319,NLA06608-0007,2959.235173,296,1190.678934,9.997416124
731,NLA06608-0373,17315.51372,1732,3335.758466,9.997409772
51,NLA06608-0997,3009.199562,301,1127.288341,9.997340736
617,NLA06608-2477,4638.758139,464,1837.86222,9.997323576
379,NLA06608-0764,12196.63278,1220,2537.653621,9.997239987
98,NLA06608-0313,1969.446793,197,766.1260328,9.997191843
123,NLA06608-0843,4998.579767,500,1401.157657,9.997159533
392,NLA06608-1100,5558.413097,556,1685.829295,9.997145857
604,NLA06608-2429,7397.87934,740,2451.599789,9.997134243
108,NLA06608-FL:18261987,8697.497897,870,3318.561651,9.99712402
20,NLA06608-0198,3109.099987,311,1163.257443,9.997106066
269,NLA06608-0494,13705.95266,1371,4507.315067,9.997047891
291,NLA06608-1936,15075.42485,1508,2900.252909,9.996966084
197,NLA06608-0170,3109.048973,311,971.7439423,9.996942036
690,NLA06608-0193,11796.27714,1180,2470.688354,9.99684503
660,NLA06608-2049,6347.967844,635,2092.487504,9.996799754
298,NLA06608-1376,6317.899622,632,1924.880717,9.996676616
31,NLA06608-0326,9616.763239,962,1416.458494,9.996635383
487,NLA06608-0766,7097.602081,710,2288.425034,9.996622649
307,NLA06608-MN:56-0306,4878.34262,488,1555.928837,9.996603729
7,NLA06608-ELS:1E1-052,7237.524731,724,2232.030473,9.996581121
266,NLA06608-1220,5648.00202,565,1824.613669,9.996463752
327,NLA06608-0587,12515.48225,1252,4276.598152,9.996391574
14,NLA06608-0546,1699.385992,170,744.0357338,9.99638819
538,NLA06608-0472,12295.54597,1230,2298.990117,9.996378839
12,NLA06608-0050,1329.518355,133,445.395375,9.996378612
601,NLA06608-1631,7507.27121,751,2165.58458,9.996366458
251,NLA06608-1316,7897.112179,790,2087.976815,9.99634453
288,NLA06608-1527,4008.52379,401,1176.376173,9.996318679
236,NLA06608-0196,8057.029439,806,1538.887666,9.99631444
45,NLA06608-0754,8007.010171,801,2847.361584,9.99626738
174,NLA06608-1167,8916.645501,892,3300.804213,9.996239351
176,NLA06608-1391,8106.928943,811,2201.04873,9.996213246
231,NLA06608-2779,6017.710897,602,1690.187708,9.996197503
126,NLA06608-0325,4138.412238,414,1336.775799,9.996164825
723,NLA06608-1058,11065.70558,1107,4460.225745,9.99612067
464,NLA06608-1255,3478.646484,348,1075.032249,9.996110587
419,NLA06608-2379,3798.49363,380,1415.202709,9.996035868
290,NLA06608-0008,5577.719235,558,1593.597253,9.995912607
610,NLA06608-1562,8116.679933,812,2441.834565,9.995911248
74,NLA06608-0489,3098.722688,310,849.9076378,9.99587964
368,NLA06608-3484,8686.391114,869,3399.953132,9.995847082
190,NLA06608-1115,3678.432342,368,747.971249,9.995740059
42,NLA06608-0418,4118.244175,412,1043.26488,9.99573829
53,NLA06608-0369,8436.397932,844,2581.630442,9.995732146
9,NLA06608-ELS:1E1-096,5467.613595,547,2115.231007,9.995637285
490,NLA06608-2087,1969.134831,197,717.8339037,9.99560828
689,NLA06608-3153,6177.252823,618,2109.706038,9.99555473
217,NLA06608-0793,10735.19422,1074,1750.882994,9.99552534
308,NLA06608-0686,1489.317675,149,563.8722271,9.995420639
284,NLA06608-0547,9405.660684,941,2978.581063,9.995388612
684,NLA06608-0406,8595.987448,860,2475.728977,9.995334241
716,NLA06608-R10SQUAWL,2508.821683,251,970.8792853,9.995305508
4,NLA06608-ELS:1E3-002,2258.918231,226,917.4799472,9.995213409
36,NLA06608-0038,7786.184778,779,2658.79271,9.995102411
66,NLA06608-0149,1559.234503,156,582.4503277,9.995092971
200,NLA06608-MI:7007,1429.291559,143,585.7161997,9.995045866
648,NLA06608-0797,3648.156977,365,1272.517022,9.994950622
77,NLA06608-R314,5777.071298,578,1386.654784,9.994933042
32,NLA06608-1125,4337.745844,434,1816.806038,9.994806093
336,NLA06608-MN:87-0030,7695.983868,770,2532.178877,9.994784245
58,NLA06608-1189,2118.885282,212,815.8459559,9.994741898
737,NLA06608-0871,4207.783483,421,1561.988247,9.994735113
178,NLA06608-1365,5826.850429,583,2096.009063,9.994597649
729,NLA06608-0885,2358.714373,236,1015.33244,9.994552429
322,NLA06608-1544,4117.754377,412,1533.25137,9.994549458
724,NLA06608-0290,4467.52685,447,1434.986767,9.994467225
524,NLA06608-0540,2028.865237,203,700.992745,9.994410033
695,NLA06608-2438,3617.97082,362,855.701688,9.99439453
204,NLA06608-0731,7265.909658,727,1141.510108,9.99437367
312,NLA06608-0935,3208.147568,321,1085.226744,9.994229185
591,NLA06608-1715,2078.789869,208,720.151902,9.994182063
282,NLA06608-0654,2018.78497,202,847.2582968,9.993985
494,NLA06608-1719,4587.223285,459,1138.292895,9.993950512
185,NLA06608-1742,4537.229996,454,1380.06101,9.99389867
148,NLA06608-1206,1309.196918,131,454.1260466,9.993869601
113,NLA06608-0609,7435.411876,744,2740.148021,9.993833167
371,NLA06608-1096,6815.670014,682,1369.905166,9.993651047
287,NLA06608-1884,5316.592031,532,1127.19694,9.993594043
400,NLA06608-1704,2618.319209,262,1114.209377,9.993584767
215,NLA06608-0537,5316.525833,532,959.7161291,9.993469611
405,NLA06608-R7106,6036.027102,604,2092.017111,9.993422354
186,NLA06608-1398,2498.352678,250,1031.748167,9.993410711
369,NLA06608-1244,7015.323351,702,2705.348098,9.993338107
525,NLA06608-3032,829.4441374,83,317.6511059,9.99330286
491,NLA06608-1575,2548.290692,255,604.1466023,9.993296832
700,NLA06608-2954,3027.957584,303,667.4489017,9.993259352
532,NLA06608-4828,3847.39237,385,1253.664577,9.993226935
710,NLA06608-0337,4017.250873,402,1309.748837,9.993161375
71,NLA06608-R315,1868.714874,187,743.9679232,9.993127668
352,NLA06608-1150,2388.356038,239,698.7070223,9.993121499
318,NLA06608-0606,3377.642484,338,1301.47717,9.9930251
553,NLA06608-1368,1389.019614,139,527.760102,9.992946867
412,NLA06608-R7104,3897.219119,390,1725.22892,9.992869536
674,NLA06608-2005,4746.548815,475,1448.309904,9.992734348
181,NLA06608-0890,5386.054907,539,2146.768899,9.992680718
533,NLA06608-0696,2298.314374,230,912.5498271,9.992671191
154,NLA06608-IN:646,3327.553284,333,1046.42174,9.992652505
247,NLA06608-1572,4286.808141,429,1459.019984,9.99255977
124,NLA06608-2010,3097.687704,310,1162.589819,9.992540982
382,NLA06608-0955,6305.205337,631,1823.123954,9.992401485
551,NLA06608-0356,3876.981107,388,1303.299246,9.992219347
634,NLA06608-0770,4156.758952,416,798.2305063,9.992209019
107,NLA06608-1839,4356.600108,436,1562.837611,9.992202082
188,NLA06608-2078,4146.761669,415,1376.133801,9.992196794
144,NLA06608-1998,4846.190005,485,1392.191961,9.992144339
80,NLA06608-R319,3637.093183,364,1219.199929,9.992014239
339,NLA06608-0484,3726.980147,373,1573.051682,9.99190388
240,NLA06608-0255,3796.860589,380,940.5426838,9.991738392
484,NLA06608-0830,3377.167794,338,943.2620429,9.991620693
466,NLA06608-1319,3836.761903,384,1372.712222,9.991567455
142,NLA06608-1758,5635.223749,564,2127.763616,9.99153147
386,NLA06608-3608,3537.001839,354,1369.719803,9.991530619
375,NLA06608-1675,2347.980291,235,1024.269662,9.991405492
452,NLA06608-0755,2587.765534,259,909.3363395,9.991372717
675,NLA06608-2453,4516.07418,452,1247.674915,9.991314558
317,NLA06608-0862,1698.521361,170,572.5113847,9.991302122
456,NLA06608-0595,3946.562369,395,1402.069411,9.991297135
426,NLA06608-0124,2357.908845,236,950.44698,9.991139173
680,NLA06608-R10YELLOW,4665.828743,467,1373.38903,9.991067973
201,NLA06608-R5:OTTAWA,2847.448591,285,800.5650314,9.991047686
471,NLA06608-2426,4405.959684,441,1944.250985,9.990838285
630,NLA06608-1593,5075.282499,508,1571.196043,9.990713581
416,NLA06608-1596,3406.73833,341,1485.43049,9.990434985
602,NLA06608-1119,4575.587195,458,1663.298292,9.990365054
331,NLA06608-R775,4755.410766,476,1384.472274,9.990358751
713,NLA06608-1266,2587.497649,259,857.7786231,9.990338413
19,NLA06608-0582,2397.606818,240,944.8479953,9.990028409
46,NLA06608-3846,3955.978863,396,1236.84051,9.989845614
161,NLA06608-0491,4235.613227,424,1050.005345,9.989653838
183,NLA06608-0318,3506.340902,351,1252.943444,9.989575219
311,NLA06608-MN:22-0074,3256.594955,326,1178.25899,9.989555077
698,NLA06608-2753,3865.943682,387,1486.311005,9.989518559
293,NLA06608-2219,4355.388676,436,854.3831488,9.989423568
488,NLA06608-0515,4125.609808,413,1330.171496,9.989369995
454,NLA06608-0275,3216.576824,322,1317.464237,9.989369019
531,NLA06608-0284,2777.032435,278,661.9910932,9.989325306
651,NLA06608-NV:3,809.1322373,81,273.5070265,9.98928688
362,NLA06608-0078,1448.443456,145,513.8266373,9.989265214
283,NLA06608-0590,3296.446842,330,1171.841552,9.989232854
449,NLA06608-0222,3306.336083,331,906.1875887,9.988930765
489,NLA06608-0439,1877.904452,188,629.7300226,9.988853467
665,NLA06608-3265,2956.6271,296,1213.265296,9.988605068
429,NLA06608-1036,1518.215691,152,631.2764077,9.988261124
683,NLA06608-2673,1707.96884,171,694.0852454,9.988121872
264,NLA06608-1791,2656.785676,266,818.9261214,9.987916074
255,NLA06608-2891,2207.30953,221,725.0089979,9.987825927
420,NLA06608-1476,3905.224796,391,1446.667183,9.987787202
158,NLA06608-2267,2576.813131,258,992.1765594,9.987647793
438,NLA06608-0128,2986.287442,299,717.3909416,9.987583418
662,NLA06608-2497,3285.854073,329,1248.770155,9.987398397
329,NLA06608-1312,2696.581606,270,1001.977267,9.987339283
22,NLA06608-1122,1088.597098,109,425.7568545,9.987129341
180,NLA06608-0993,3865.00165,387,1480.015769,9.987084368
718,NLA06608-R10DEERLA,1847.555315,185,743.3631373,9.986785487
434,NLA06608-2170,3555.292815,356,1189.508884,9.986777569
414,NLA06608-0663,3065.9211,307,985.5742497,9.98671368
408,NLA06608-R750,1378.107218,138,417.8774571,9.98628419
644,NLA06608-0825,2915.976351,292,1170.751462,9.986220379
552,NLA06608-0996,1477.889158,148,580.0538025,9.985737553
241,NLA06608-1396,3155.351474,316,856.7888624,9.985289474
719,NLA06608-2481,1028.482728,103,388.1723099,9.985269207
486,NLA06608-1022,1697.410812,170,620.9461826,9.984769484
3,NLA06608-NELP-3355,1048.374006,105,418.5812397,9.984514342
350,NLA06608-0211,2915.457468,292,954.3945502,9.984443383
439,NLA06608-0496,2615.90408,262,934.7426209,9.984366717
513,NLA06608-2704,1797.139201,180,661.9774278,9.984106674
472,NLA06608-1600,2565.855928,257,1066.005323,9.983875207
196,NLA06608-1258,2465.994797,247,976.9553723,9.983784604
234,NLA06608-1867,2166.472814,217,882.453017,9.983745687
492,NLA06608-0407,1896.902425,190,673.6480392,9.983696972
620,NLA06608-0127,2735.420655,274,1189.067928,9.983287063
257,NLA06608-1227,1387.626539,139,513.3184343,9.982924741
69,NLA06608-0386,2565.569246,257,858.4328944,9.982759711
52,NLA06608-0806,2835.052812,284,950.913287,9.982580325
714,NLA06608-R10CAPEHO,2136.079226,214,810.0377241,9.981678627
243,NLA06608-1908,2465.433754,247,703.8424097,9.981513173
709,NLA06608-R10ULAKE,1886.472123,189,442.2631166,9.981333984
734,NLA06608-0173,2505.252271,251,757.6643524,9.981084744
485,NLA06608-0126,1447.114097,145,586.3678229,9.980097222
667,NLA06608-R10RAINYL,1936.138286,194,731.7856602,9.980094259
641,NLA06608-2685,2065.825525,207,745.7676757,9.979833453
583,NLA06608-0003,1237.47311,124,431.9267924,9.979621858
129,NLA06608-FL:16674741,987.951692,99,344.2800352,9.979310021
589,NLA06608-1279,1466.92083,147,532.4509754,9.979053265
100,NLA06608-1001,1965.859057,197,820.7293084,9.978979985
549,NLA06608-4206,1536.733781,154,527.2863454,9.978790783
208,NLA06608-R34,2175.375536,218,888.4530155,9.978786864
280,NLA06608-0414,1756.177673,176,688.396183,9.978282236
57,NLA06608-0469,1835.785389,184,768.3747266,9.977094504
104,NLA06608-0253,1227.182127,123,515.3604661,9.977090463
191,NLA06608-0555,1516.517129,152,675.0384549,9.977086373
258,NLA06608-2708,2095.061929,210,839.5748293,9.976485378
554,NLA06608-R769,1775.701021,178,576.3323357,9.975848434
712,NLA06608-0402,1177.03588,118,468.9363894,9.974880339
49,NLA06608-ELS:1D2-087,1785.443029,179,634.3404232,9.974542063
5,NLA06608-ELS:1E3-071,997.4189943,100,335.7532883,9.974189943
360,NLA06608-0558,1845.142445,185,532.7982525,9.973742944
402,NLA06608-0184,1715.06283,172,622.7111433,9.971295522
10,NLA06608-ELS:1E1-128,1515.614876,152,634.5987566,9.971150499
469,NLA06608-1674,1216.419955,122,415.0205432,9.970655372
134,NLA06608-FL:99324403,1106.622078,111,384.1087902,9.969568266
460,NLA06608-0195,1176.384048,118,463.3613415,9.969356339
691,NLA06608-0081,1585.039908,159,642.4511688,9.968804451
348,NLA06608-0508,1485.343491,149,543.5547743,9.968748262
470,NLA06608-1344,1086.516708,109,396.0666237,9.96804319
314,NLA06608-1283,1305.742346,131,525.5581275,9.967498826
736,NLA06608-0782,1195.654901,120,374.9749322,9.963790843
595,NLA06608-0468,1175.440367,118,438.2634123,9.961359042
198,NLA06608-1706,1105.673413,111,296.9821389,9.961021738
717,NLA06608-R10FISHLA,1065.672974,107,429.9818544,9.959560508
279,NLA06608-1143,1025.794557,103,444.7009351,9.959170458
450,NLA06608-1578,1005.757981,101,405.4352126,9.95799981
207,NLA06608-1789,755.6125085,76,245.3831167,9.942269849
146,NLA06608-0542,845.0250344,85,352.536163,9.941470993
