SITE_ID	YEAR	VISIT_NO	MONTH	DAY	SECMEAN_m	CLEAR_TO_BOTTOM
NLA06608-0001	2007	1	7	31	6.4	
NLA06608-0002	2007	1	6	14	0.55	
NLA06608-0002	2007	2	7	23	0.45	
NLA06608-0003	2007	1	8	29	0.71	
NLA06608-0003	2007	2	9	6	0.49	
NLA06608-0004	2007	1	7	10	1.8	
NLA06608-0004	2007	2	9	11	1	
NLA06608-0005	2007	1	7	18		Y
NLA06608-0005	2007	2	8	22		Y
NLA06608-0006	2007	1	7	17	3.21	
NLA06608-0006	2007	2	8	30	4.1	
NLA06608-0007	2007	1	7	24	3.15	
NLA06608-0007	2007	2	9	6	3.35	
NLA06608-0008	2007	1	7	12	0.79	
NLA06608-0008	2007	2	8	22	0.41	
NLA06608-0010	2007	1	7	17	4.48	
NLA06608-0010	2007	2	8	18	2.6	
NLA06608-0012	2007	1	6	13	0.31	
NLA06608-0012	2007	2	9	18	0.27	
NLA06608-0013	2007	1	9	4	0.65	
NLA06608-0013	2007	2	9	14	1.05	
NLA06608-0014	2007	1	8	6	0.85	
NLA06608-0014	2007	2	8	23	0.63	
NLA06608-0015	2007	1	7	10	0.37	
NLA06608-0015	2007	2	8	29	0.38	
NLA06608-0016	2007	1	6	27	0.54	
NLA06608-0016	2007	2	7	11	0.5	
NLA06608-0019	2007	1	6	11	0.35	
NLA06608-0019	2007	2	8	7	0.55	
NLA06608-0020	2007	1	6	11	0.69	
NLA06608-0020	2007	2	7	2	1.07	
NLA06608-0021	2007	1	7	27	7.1	
NLA06608-0021	2007	2	8	30	4.75	
NLA06608-0023	2007	1	8	9	0.95	
NLA06608-0023	2007	2	9	19	1.3	
NLA06608-0024	2007	1	7	11	0.9	
NLA06608-0024	2007	2	8	14	1.08	
NLA06608-0025	2007	1	6	18	3.55	
NLA06608-0025	2007	2	7	18	3.45	
NLA06608-0029	2007	1	7	2	0.27	
NLA06608-0029	2007	2	9	11	0.25	
NLA06608-0031	2007	1	6	13	0.98	
NLA06608-0031	2007	2	9	5	0.9	
NLA06608-0033	2007	1	7	17	0.7	
NLA06608-0033	2007	2	8	28	0.95	
NLA06608-0036	2007	1	7	12	2.23	
NLA06608-0036	2007	2	7	16	2.67	
NLA06608-0037	2007	1	7	13	2.9	
NLA06608-0037	2007	2	9	5	4.1	
NLA06608-0038	2007	1	7	12	4.45	
NLA06608-0038	2007	2	8	27	5.95	
NLA06608-0041	2007	1	6	12	9.48	
NLA06608-0041	2007	2	7	11	7.15	
NLA06608-0042	2007	1	6	22	3.38	
NLA06608-0042	2007	2	7	6	4.8	
NLA06608-0043	2007	1	7	31	1.85	
NLA06608-0043	2007	2	8	15	1.45	
NLA06608-0044	2007	1	7	18	0.12	
NLA06608-0044	2007	2	7	30	0.1	
NLA06608-0045	2007	1	6	26	0.86	
NLA06608-0045	2007	2	8	2	0.96	
NLA06608-0048	2007	1	8	2	0.28	
NLA06608-0048	2007	2	9	18	0.48	
NLA06608-0049	2007	1	8	15	2.53	
NLA06608-0050	2007	1	7	2	1.5	
NLA06608-0050	2007	2	8	30	1.1	
NLA06608-0053	2007	1	8	23	0.85	
NLA06608-0053	2007	2	9	27	1.05	
NLA06608-0057	2007	1	6	16	0.5	
NLA06608-0057	2007	2	7	14	0.35	
NLA06608-0061	2007	1	6	12	2	
NLA06608-0061	2007	2	8	22	1.63	
NLA06608-0062	2007	1	8	9	1.16	
NLA06608-0062	2007	2	8	27	2	
NLA06608-0064	2007	1	6	18	0.46	
NLA06608-0064	2007	2	8	26	0.28	
NLA06608-0065	2007	1	7	17	7.02	
NLA06608-0065	2007	2	9	12	5.8	
NLA06608-0066	2007	1	6	12	2.75	
NLA06608-0066	2007	2	9	18	2.55	
NLA06608-0068	2007	1	7	9	3.8	
NLA06608-0068	2007	2	9	12	10.8	
NLA06608-0069	2007	1	7	18	0.65	
NLA06608-0069	2007	2	9	26	0.55	
NLA06608-0071	2007	1	9	6	0.38	
NLA06608-0071	2007	2	9	8	0.38	
NLA06608-0072	2007	1	7	26	0.68	
NLA06608-0072	2007	2	8	15	0.35	
NLA06608-0073	2007	1	6	12	13.45	
NLA06608-0073	2007	2	7	18	6.95	
NLA06608-0076	2007	1	7	27	1.26	
NLA06608-0076	2007	2	9	4	0.64	
NLA06608-0077	2007	1	9	8		
NLA06608-0077	2007	2	9	13	0.45	
NLA06608-0078	2007	1	8	8	0.75	
NLA06608-0078	2007	2	8	21	0.59	
NLA06608-0079	2007	1	7	12	6.85	
NLA06608-0079	2007	2	8	16	6.85	
NLA06608-0080	2007	1	9	9	0.51	
NLA06608-0080	2007	2	9	10	0.46	
NLA06608-0081	2007	1	7	3	5.74	
NLA06608-0081	2007	2	9	19	2.15	
NLA06608-0083	2007	1	6	13		Y
NLA06608-0083	2007	2	8	9		Y
NLA06608-0085	2007	1	7	10	0.1	
NLA06608-0085	2007	2	8	20	0.15	
NLA06608-0086	2007	1	8	2	2.07	
NLA06608-0086	2007	2	9	20	0.97	
NLA06608-0089	2007	1	6	17	1.35	
NLA06608-0089	2007	2	7	17	1.1	
NLA06608-0090	2007	1	6	26	4.15	
NLA06608-0090	2007	2	7	25	4.43	
NLA06608-0091	2007	1	7	10	0.31	
NLA06608-0091	2007	2	8	13	0.23	
NLA06608-0099	2007	1	7	3	1.95	
NLA06608-0099	2007	2	9	5	3.75	
NLA06608-0101	2007	1	8	21	9.6	
NLA06608-0102	2007	1	8	3	4.37	
NLA06608-0104	2007	1	6	22	0.23	
NLA06608-0104	2007	2	7	24	0.4	
NLA06608-0105	2007	1	7	5	1.4	
NLA06608-0105	2007	2	9	12	0.28	
NLA06608-0107	2007	1	6	25		Y
NLA06608-0110	2007	1	7	31	3.85	
NLA06608-0111	2007	1	8	1	1.68	
NLA06608-0112	2007	1	7	9	0.51	
NLA06608-0113	2007	1	7	16	2.3	
NLA06608-0115	2007	1	7	18	2.6	
NLA06608-0116	2007	1	6	28	1.43	
NLA06608-0120	2007	1	6	18	0.18	
NLA06608-0120	2007	2	9	26	0.5	
NLA06608-0124	2007	1	7	19	0.2	
NLA06608-0126	2007	1	6	21	0.17	
NLA06608-0126	2007	2	8	28	0.15	
NLA06608-0127	2007	1	7	11	2.2	
NLA06608-0128	2007	1	6	21	0.85	
NLA06608-0128	2007	2	8	25	0.34	
NLA06608-0129	2007	1	7	21	9.11	
NLA06608-0129	2007	2	9	16	5	
NLA06608-0130	2007	1	8	13	1.63	
NLA06608-0132	2007	1	8	28	1.35	
NLA06608-0134	2007	1	7	24	7.6	
NLA06608-0137	2007	1	9	17	9.9	
NLA06608-0139	2007	1	7	11	1.35	
NLA06608-0140	2007	1	6	20	0.53	
NLA06608-0141	2007	1	8	23	0.52	
NLA06608-0142	2007	1	8	13	4.7	
NLA06608-0144	2007	1	8	2	0.96	
NLA06608-0144	2007	2	9	13	0.5	
NLA06608-0148	2007	1	7	26	2.8	
NLA06608-0149	2007	1	7	18	2.3	
NLA06608-0150	2007	1	8	2	1.97	
NLA06608-0152	2007	1	7	17	1.2	
NLA06608-0153	2007	1	8	30	1.68	
NLA06608-0155	2007	1	7	31	0.87	
NLA06608-0158	2007	1	9	5	5.58	
NLA06608-0161	2007	1	8	15	0.65	
NLA06608-0162	2007	1	8	28	2.15	
NLA06608-0167	2007	1	7	23	0.1	
NLA06608-0167	2007	2	8	29	0.1	
NLA06608-0168	2007	1	6	13	0.4	
NLA06608-0169	2007	1	7	5	5.35	
NLA06608-0169	2007	2	9	13	1.65	
NLA06608-0170	2007	1	9	21		Y
NLA06608-0173	2007	1	7	11	0.22	
NLA06608-0174	2007	1	7	25	1.7	
NLA06608-0174	2007	2	8	28	2.1	
NLA06608-0175	2007	1	8	30	0.91	
NLA06608-0176	2007	1	9	7	0.29	
NLA06608-0177	2007	1	8	22	2.75	
NLA06608-0179	2007	1	6	4	0.57	
NLA06608-0179	2007	2	8	29	0.4	
NLA06608-0180	2007	1	8	29	0.24	
NLA06608-0181	2007	1	9	20	7	
NLA06608-0183	2007	1	7	25	1.1	
NLA06608-0184	2007	1	6	15	0.35	
NLA06608-0185	2007	1	8	14		Y
NLA06608-0189	2007	1	6	11	0.38	
NLA06608-0189	2007	2	7	10	0.58	
NLA06608-0190	2007	1	8	14	2.45	
NLA06608-0191	2007	1	7	21	6.9	
NLA06608-0193	2007	1	7	11		Y
NLA06608-0195	2007	1	6	12	0.83	
NLA06608-0196	2007	1	6	21	0.83	
NLA06608-0198	2007	1	7	24	2.1	
NLA06608-0201	2007	1	9	18	7.75	
NLA06608-0203	2007	1	8	2	4.48	
NLA06608-0204	2007	1	9	12	0.4	
NLA06608-0207	2007	1	7	18	2.1	
NLA06608-0207	2007	2	9	5	1.7	
NLA06608-0208	2007	1	9	6	0.28	
NLA06608-0209	2007	1	7	19	7.1	
NLA06608-0209	2007	2	9	27	4.62	
NLA06608-0211	2007	1	8	7		Y
NLA06608-0212	2007	1	7	12	2.1	
NLA06608-0215	2007	1	8	22	0.68	
NLA06608-0216	2007	1	7	6	0.35	
NLA06608-0217	2007	1	6	24	1.13	
NLA06608-0219	2007	1	8	1	0.35	
NLA06608-0220	2007	1	8	2	0.1	
NLA06608-0221	2007	1	6	28	0.72	
NLA06608-0222	2007	1	6	27	0.48	
NLA06608-0223	2007	1	6	27	1.38	
NLA06608-0223	2007	2	8	29	0.65	
NLA06608-0224	2007	1	7	19	1.93	
NLA06608-0224	2007	2	9	23	2.86	
NLA06608-0225	2007	1	7	11	4.3	
NLA06608-0225	2007	2	8	24	1.85	
NLA06608-0226	2007	1	7	9	2.43	
NLA06608-0228	2007	1	6	26	4.4	
NLA06608-0228	2007	2	8	6	0.65	
NLA06608-0229	2007	1	9	13	3	
NLA06608-0234	2007	1	8	23	3.3	
NLA06608-0235	2007	1	7	16	1.65	
NLA06608-0237	2007	1	6	26		Y
NLA06608-0237	2007	2	7	17		Y
NLA06608-0238	2007	1	7	11	3.9	
NLA06608-0239	2007	1	7	24	1.9	
NLA06608-0240	2007	1	7	25	3.05	
NLA06608-0241	2007	1	8	15	0.35	
NLA06608-0242	2007	1	8	2	2.6	
NLA06608-0243	2007	1	7	18	3.89	
NLA06608-0244	2007	1	6	20	1.03	
NLA06608-0245	2007	1	7	24	5.15	
NLA06608-0247	2007	1	7	17	1.19	
NLA06608-0253	2007	1	8	8	0.83	
NLA06608-0254	2007	1	6	21	0.6	
NLA06608-0255	2007	1	8	7	3.63	
NLA06608-0257	2007	1	7	18	4.65	
NLA06608-0259	2007	1	6	14	0.55	
NLA06608-0260	2007	1	8	30	3.7	
NLA06608-0268	2007	1	9	10	1.05	
NLA06608-0271	2007	1	6	27	0.38	
NLA06608-0275	2007	1	6	21	0.75	
NLA06608-0276	2007	1	8	7	7.4	
NLA06608-0277	2007	1	7	20	0.55	
NLA06608-0279	2007	1	8	8	0.25	
NLA06608-0280	2007	1	7	25	0.98	
NLA06608-0281	2007	1	6	20	0.73	
NLA06608-0283	2007	1	7	9	0.54	
NLA06608-0284	2007	1	7	30	0.46	
NLA06608-0285	2007	1	7	24	0.55	
NLA06608-0286	2007	1	8	8	5.42	
NLA06608-0290	2007	1	7	11	0.45	
NLA06608-0290	2007	2	9	10	0.1	
NLA06608-0291	2007	1	7	11	3.65	
NLA06608-0293	2007	1	7	25	1.2	
NLA06608-0294	2007	1	6	26	5.05	
NLA06608-0295	2007	1	6	26	0.67	
NLA06608-0297	2007	1	7	24	1.13	
NLA06608-0299	2007	1	7	30	2.85	
NLA06608-0302	2007	1	6	23	0.22	
NLA06608-0303	2007	1	8	7	0.63	
NLA06608-0306	2007	1	7	16	0.15	
NLA06608-0312	2007	1	7	16	0.9	
NLA06608-0313	2007	1	7	13	0.73	
NLA06608-0318	2007	1	7	20	1.65	
NLA06608-0319	2007	1	7	22	1.45	
NLA06608-0324	2007	1	8	8	1.5	
NLA06608-0325	2007	1	7	17	0.55	
NLA06608-0326	2007	1	8	16	4.25	
NLA06608-0327	2007	1	6	27	0.31	
NLA06608-0328	2007	1	8	25	0.53	
NLA06608-0328	2007	2	9	15	0.43	
NLA06608-0330	2007	1	9	5	3.95	
NLA06608-0332	2007	1	9	4	1.93	
NLA06608-0333	2007	1	7	24	2.5	
NLA06608-0334	2007	1	6	27	1.63	
NLA06608-0337	2007	1	7	12	3.03	
NLA06608-0339	2007	1	6	25	1.95	
NLA06608-0340	2007	1	6	21	1.87	
NLA06608-0341	2007	1	9	18	3.65	
NLA06608-0343	2007	1	8	21	1.36	
NLA06608-0344	2007	1	7	5	1	
NLA06608-0345	2007	1	6	21	2.45	
NLA06608-0350	2007	1	8	9	1.15	
NLA06608-0354	2007	1	7	19		Y
NLA06608-0356	2007	1	7	16	1.85	
NLA06608-0357	2007	1	7	27	1.78	
NLA06608-0358	2007	1	7	17	2.23	
NLA06608-0359	2007	1	7	10	0.3	
NLA06608-0361	2007	1	7	15	1.98	
NLA06608-0363	2007	1	7	21	1.7	
NLA06608-0366	2007	1	7	31	2.55	
NLA06608-0367	2007	1	8	23	0.29	
NLA06608-0369	2007	1	7	26	6	
NLA06608-0372	2007	1	8	3	5.4	
NLA06608-0373	2007	1	7	12	7.74	
NLA06608-0376	2007	1	8	22	1.73	
NLA06608-0377	2007	1	7	12	0.55	
NLA06608-0378	2007	1	6	26	3	
NLA06608-0384	2007	1	6	28		Y
NLA06608-0385	2007	1	7	6		Y
NLA06608-0386	2007	1	8	7	6.8	
NLA06608-0388	2007	1	8	16	3.48	
NLA06608-0388	2007	2	8	26	4.5	
NLA06608-0393	2007	1	7	23	2.74	
NLA06608-0395	2007	1	6	27	0.68	
NLA06608-0399	2007	1	7	16	2.27	
NLA06608-0401	2007	1	8	27	1.87	
NLA06608-0402	2007	1	6	26	0.82	
NLA06608-0402	2007	2	9	6	1.84	
NLA06608-0403	2007	1	8	6	2.05	
NLA06608-0405	2007	1	8	30	2.55	
NLA06608-0406	2007	1	8	21		
NLA06608-0407	2007	1	7	23	2.47	
NLA06608-0408	2007	1	6	20	1.17	
NLA06608-0413	2007	1	6	27	0.95	
NLA06608-0414	2007	1	7	31	0.9	
NLA06608-0418	2007	1	7	19		Y
NLA06608-0421	2007	1	6	28	2.9	
NLA06608-0425	2007	1	8	1	1.43	
NLA06608-0426	2007	1	9	17	3.6	
NLA06608-0432	2007	1	7	16	0.31	
NLA06608-0433	2007	1	8	9	5.05	
NLA06608-0435	2007	1	7	23	0.8	
NLA06608-0436	2007	1	9	5	1.52	
NLA06608-0439	2007	1	6	27	0.1	
NLA06608-0440	2007	1	8	8	0.64	
NLA06608-0442	2007	1	8	14	0.76	
NLA06608-0444	2007	1	7	12		
NLA06608-0445	2007	1	6	28	1.47	
NLA06608-0447	2007	1	8	25	4.5	
NLA06608-0449	2007	1	7	26	1.95	
NLA06608-0452	2007	1	6	15	1.21	
NLA06608-0453	2007	1	7	31	0.75	
NLA06608-0454	2007	1	7	25		Y
NLA06608-0456	2007	1	8	9	1.1	
NLA06608-0458	2007	1	7	25	1.15	
NLA06608-0459	2007	1	7	16	2.63	
NLA06608-0462	2007	1	8	20	7.95	
NLA06608-0463	2007	1	8	19	0.58	
NLA06608-0467	2007	1	7	9	1.1	
NLA06608-0468	2007	1	8	1	7.1	
NLA06608-0469	2007	1	8	29	4	
NLA06608-0470	2007	1	7	24	5.75	
NLA06608-0471	2007	1	6	25	1.77	
NLA06608-0472	2007	1	7	16	0.39	
NLA06608-0473	2007	1	6	19	1.03	
NLA06608-0479	2007	1	8	16	2.92	
NLA06608-0480	2007	1	8	24	5.21	
NLA06608-0480	2007	2	9	25	6.09	
NLA06608-0483	2007	1	7	11	4.32	
NLA06608-0484	2007	1	7	12	0.28	
NLA06608-0488	2007	1	7	19	0.45	
NLA06608-0489	2007	1	7	10	0.5	
NLA06608-0491	2007	1	7	17		Y
NLA06608-0493	2007	1	7	11	1.52	
NLA06608-0494	2007	1	7	11	1.65	
NLA06608-0495	2007	1	9	5	4.68	
NLA06608-0496	2007	1	6	23		Y
NLA06608-0497	2007	1	8	17	1.42	
NLA06608-0498	2007	1	7	31	1.05	
NLA06608-0500	2007	1	9	14	1.55	
NLA06608-0501	2007	1	7	24	5.95	
NLA06608-0502	2007	1	8	18	3.83	
NLA06608-0503	2007	1	8	1	0.14	
NLA06608-0508	2007	1	7	10	0.26	
NLA06608-0509	2007	1	6	20	5.5	
NLA06608-0510	2007	1	6	27	0.48	
NLA06608-0511	2007	1	9	6	1.7	
NLA06608-0512	2007	1	8	13	0.71	
NLA06608-0514	2007	1	7	24	3.05	
NLA06608-0515	2007	1	6	28	0.84	
NLA06608-0523	2007	1	7	16	1.25	
NLA06608-0526	2007	1	7	18	1.55	
NLA06608-0528	2007	1	6	28	0.7	
NLA06608-0529	2007	1	9	4	1.93	
NLA06608-0530	2007	1	8	7	1.05	
NLA06608-0531	2007	1	7	11	1.15	
NLA06608-0533	2007	1	7	18	3.8	
NLA06608-0537	2007	1	6	6	1.78	
NLA06608-0540	2007	1	8	27	0.21	
NLA06608-0541	2007	1	7	12	1.6	
NLA06608-0542	2007	1	8	30		Y
NLA06608-0546	2007	1	7	18	1.98	
NLA06608-0547	2007	1	7	31	3.6	
NLA06608-0550	2007	1	8	1	5.95	
NLA06608-0551	2007	1	8	20	1.75	
NLA06608-0555	2007	1	7	23	2.03	
NLA06608-0558	2007	1	8	9	2.4	
NLA06608-0560	2007	1	9	12	0.8	
NLA06608-0561	2007	1	8	9	7.05	
NLA06608-0562	2007	1	7	13	2.78	
NLA06608-0562	2007	2	8	21	2.34	
NLA06608-0564	2007	1	8	22	2.42	
NLA06608-0565	2007	1	7	19	0.76	
NLA06608-0569	2007	1	8	7	0.43	
NLA06608-0570	2007	1	7	27	5.06	
NLA06608-0579	2007	1	8	19	0.14	
NLA06608-0580	2007	1	8	7	4.75	
NLA06608-0581	2007	1	7	3	6.6	
NLA06608-0582	2007	1	7	19	1.5	
NLA06608-0583	2007	1	6	26	0.28	
NLA06608-0585	2007	1	6	15	0.24	
NLA06608-0587	2007	1	7	9	1.09	
NLA06608-0587	2007	2	8	14	0.75	
NLA06608-0588	2007	1	7	13	0.09	
NLA06608-0590	2007	1	8	7	2.75	
NLA06608-0591	2007	1	8	21	2.1	
NLA06608-0593	2007	1	7	10	4.91	
NLA06608-0594	2007	1	8	9	0.88	
NLA06608-0595	2007	1	6	12	0.27	
NLA06608-0596	2007	1	7	30	5.55	
NLA06608-0597	2007	1	7	9	1.26	
NLA06608-0599	2007	1	7	19	0.64	
NLA06608-0606	2007	1	8	8	1.55	
NLA06608-0608	2007	1	9	18	0.42	
NLA06608-0609	2007	1	7	25	0.23	
NLA06608-0610	2007	1	8	2	2.6	
NLA06608-0611	2007	1	7	2	1.45	
NLA06608-0614	2007	1	6	27	4.97	
NLA06608-0616	2007	1	7	25		
NLA06608-0617	2007	1	6	19	0.93	
NLA06608-0618	2007	1	7	24	0.98	
NLA06608-0619	2007	1	7	18	2.35	
NLA06608-0622	2007	1	7	24	1.4	
NLA06608-0623	2007	1	6	20	1.15	
NLA06608-0624	2007	1	6	5	0.86	
NLA06608-0625	2007	1	9	19	7.55	
NLA06608-0627	2007	1	7	19	3.3	
NLA06608-0628	2007	1	6	25	0.55	
NLA06608-0630	2007	1	7	30	2.05	
NLA06608-0632	2007	1	6	12	0.98	
NLA06608-0634	2007	1	8	22	0.41	
NLA06608-0635	2007	1	8	22	2.03	
NLA06608-0637	2007	1	8	6	4.2	
NLA06608-0641	2007	1	7	25	1.8	
NLA06608-0648	2007	1	8	1	0.2	
NLA06608-0649	2007	1	9	19	5.25	
NLA06608-0650	2007	1	7	25	1.8	
NLA06608-0651	2007	1	7	17	1.45	
NLA06608-0654	2007	1	8	14	1.15	
NLA06608-0657	2007	1	9	13	0.95	
NLA06608-0658	2007	1	7	26	6.65	
NLA06608-0659	2007	1	6	26	1.38	
NLA06608-0660	2007	1	7	12	2.13	
NLA06608-0661	2007	1	8	8	1.64	
NLA06608-0662	2007	1	8	7	2.55	
NLA06608-0663	2007	1	8	8	0.13	
NLA06608-0665	2007	1	6	27	2.25	
NLA06608-0671	2007	1	8	16		Y
NLA06608-0672	2007	1	7	26	0.31	
NLA06608-0674	2007	1	7	26		Y
NLA06608-0677	2007	1	7	17	0.48	
NLA06608-0678	2007	1	8	7		Y
NLA06608-0679	2007	1	6	27	2.28	
NLA06608-0681	2007	1	6	14	2.48	
NLA06608-0686	2007	1	7	11		Y
NLA06608-0687	2007	1	8	14	6.5	
NLA06608-0690	2007	1	7	3	2.81	
NLA06608-0690	2007	2	8	22	1.61	
NLA06608-0692	2007	1	7	10	2.05	
NLA06608-0693	2007	1	7	25		Y
NLA06608-0696	2007	1	7	16	0.82	
NLA06608-0707	2007	1	7	12	2.15	
NLA06608-0709	2007	1	9	18	0.45	
NLA06608-0710	2007	1	7	24	1.56	
NLA06608-0711	2007	1	9	10	0.83	
NLA06608-0712	2007	1	7	24	3.26	
NLA06608-0713	2007	1	9	12	3.2	
NLA06608-0715	2007	1	7	6	3.8	
NLA06608-0717	2007	1	6	14	0.29	
NLA06608-0718	2007	1	7	18	0.28	
NLA06608-0720	2007	1	6	26	0.78	
NLA06608-0721	2007	1	7	5	2.27	
NLA06608-0723	2007	1	8	18	1.63	
NLA06608-0724	2007	1	8	13	3.69	
NLA06608-0726	2007	1	8	14	3.95	
NLA06608-0727	2007	1	6	23	0.32	
NLA06608-0731	2007	1	8	7	4.13	
NLA06608-0733	2007	1	6	27	0.26	
NLA06608-0734	2007	1	7	24	0.66	
NLA06608-0738	2007	1	8	16	5.25	
NLA06608-0743	2007	1	6	26	2.23	
NLA06608-0744	2007	1	7	18	0.48	
NLA06608-0749	2007	1	7	17	0.53	
NLA06608-0751	2007	1	7	25	2.95	
NLA06608-0753	2007	1	7	19	2.2	
NLA06608-0754	2007	1	7	2	4.85	
NLA06608-0755	2007	1	6	20	0.42	
NLA06608-0756	2007	1	6	25	0.95	
NLA06608-0759	2007	1	8	7	0.15	
NLA06608-0761	2007	1	9	6	0.65	
NLA06608-0762	2007	1	8	16	0.21	
NLA06608-0764	2007	1	6	26	1.1	
NLA06608-0765	2007	1	6	5	1.5	
NLA06608-0766	2007	1	7	18	1.85	
NLA06608-0769	2007	1	7	24	1.78	
NLA06608-0770	2007	1	5	8	0.59	
NLA06608-0771	2007	1	8	13	2.05	
NLA06608-0775	2007	1	7	25	2.5	
NLA06608-0779	2007	1	7	31	0.16	
NLA06608-0781	2007	1	7	26	1.05	
NLA06608-0782	2007	1	7	31	2.05	
NLA06608-0783	2007	1	8	14	0.15	
NLA06608-0785	2007	1	9	12	2.1	
NLA06608-0792	2007	1	8	16	0.79	
NLA06608-0793	2007	1	6	18	2.7	
NLA06608-0794	2007	1	6	9	9.1	
NLA06608-0794	2007	2	6	28	11.5	
NLA06608-0797	2007	1	6	28	1.53	
NLA06608-0802	2007	1	7	20	1.24	
NLA06608-0804	2007	1	8	19	1.78	
NLA06608-0805	2007	1	8	22	1.6	
NLA06608-0806	2007	1	9	7	1.25	
NLA06608-0807	2007	1	7	11	1.2	
NLA06608-0808	2007	1	9	6	0.45	
NLA06608-0809	2007	1	7	24	2.3	
NLA06608-0811	2007	1	7	23	1.15	
NLA06608-0812	2007	1	6	28	1.36	
NLA06608-0815	2007	1	7	17	1.05	
NLA06608-0820	2007	1	8	6	0.35	
NLA06608-0823	2007	1	7	26	3.95	
NLA06608-0824	2007	1	9	5	1.05	
NLA06608-0825	2007	1	9	6	0.95	
NLA06608-0827	2007	1	7	5	1.15	
NLA06608-0828	2007	1	7	11	0.61	
NLA06608-0830	2007	1	8	30	0.06	
NLA06608-0831	2007	1	7	19	3.75	
NLA06608-0833	2007	1	8	7		Y
NLA06608-0834	2007	1	6	1	1.73	
NLA06608-0836	2007	1	8	29	1.5	
NLA06608-0837	2007	1	7	19	0.79	
NLA06608-0842	2007	1	8	1	4.35	
NLA06608-0843	2007	1	7	18	2.26	
NLA06608-0846	2007	1	8	28	0.8	
NLA06608-0847	2007	1	8	30	0.23	
NLA06608-0849	2007	1	7	31	3.17	
NLA06608-0850	2007	1	8	7	3.4	
NLA06608-0851	2007	1	6	5	0.9	
NLA06608-0856	2007	1	6	19	0.98	
NLA06608-0857	2007	1	6	22	1.15	
NLA06608-0859	2007	1	7	5	1.25	
NLA06608-0860	2007	1	7	19	0.32	
NLA06608-0860	2007	2	8	21	0.35	
NLA06608-0862	2007	1	8	8	2.75	
NLA06608-0863	2007	1	7	2	1.04	
NLA06608-0864	2007	1	6	25	1.2	
NLA06608-0865	2007	1	9	12	0.45	
NLA06608-0868	2007	1	8	18	0.45	
NLA06608-0869	2007	1	8	9	0.88	
NLA06608-0870	2007	1	8	9	12.51	
NLA06608-0871	2007	1	7	12	0.15	
NLA06608-0872	2007	1	6	21	0.13	
NLA06608-0873	2007	1	6	20	0.14	
NLA06608-0874	2007	1	8	30	1.35	
NLA06608-0875	2007	1	9	14	1.75	
NLA06608-0877	2007	1	9	13	0.78	
NLA06608-0878	2007	1	8	1	1.65	
NLA06608-0880	2007	1	7	17	0.25	
NLA06608-0881	2007	1	7	30	1.19	
NLA06608-0885	2007	1	7	11	0.56	
NLA06608-0889	2007	1	7	11	0.29	
NLA06608-0890	2007	1	7	30	3.5	
NLA06608-0891	2007	1	8	18	0.2	
NLA06608-0893	2007	1	6	28	1.28	
NLA06608-0895	2007	1	7	9	0.2	
NLA06608-0899	2007	1	6	20	0.55	
NLA06608-0900	2007	1	6	18	1.2	
NLA06608-0904	2007	1	7	31	0.3	
NLA06608-0905	2007	1	6	21	8.9	
NLA06608-0906	2007	1	6	12	7.45	
NLA06608-0913	2007	1	9	6	1.89	
NLA06608-0914	2007	1	8	2	5.53	
NLA06608-0915	2007	1	8	8	0.85	
NLA06608-0916	2007	1	8	8	0.6	
NLA06608-0918	2007	1	8	14	2.87	
NLA06608-0921	2007	1	6	25	0.78	
NLA06608-0922	2007	1	6	8	1.45	
NLA06608-0924	2007	1	8	12	0.23	
NLA06608-0925	2007	1	10	3	11.88	
NLA06608-0926	2007	1	8	6	6.7	
NLA06608-0927	2007	1	8	15	2.75	
NLA06608-0929	2007	1	6	16	4.3	
NLA06608-0930	2007	1	8	21	6.45	
NLA06608-0933	2007	1	7	31	1.04	
NLA06608-0934	2007	1	8	28	36.71	
NLA06608-0935	2007	1	8	6	1.15	
NLA06608-0938	2007	1	8	7	1.46	
NLA06608-0940	2007	1	8	17	1.38	
NLA06608-0942	2007	1	7	10	4.05	
NLA06608-0943	2007	1	9	11	3.05	
NLA06608-0944	2007	1	6	24	0.04	
NLA06608-0946	2007	1	8	14	1.77	
NLA06608-0950	2007	1	8	2	5.55	
NLA06608-0955	2007	1	6	3	2.75	
NLA06608-0957	2007	1	6	21	4.28	
NLA06608-0958	2007	1	8	15	1.65	
NLA06608-0961	2007	1	7	25	3.53	
NLA06608-0962	2007	1	7	17	6.2	
NLA06608-0967	2007	1	7	30	0.58	
NLA06608-0968	2007	1	8	1	0.32	
NLA06608-0970	2007	1	6	10	5.5	
NLA06608-0971	2007	1	7	26	1.27	
NLA06608-0972	2007	1	7	9	0.1	
NLA06608-0974	2007	1	7	16	5.45	
NLA06608-0979	2007	1	5	30	3.52	
NLA06608-0980	2007	1	7	12	0.4	
NLA06608-0982	2007	1	8	14	4.5	
NLA06608-0984	2007	1	9	26	0.38	
NLA06608-0986	2007	1	7	18	2.46	
NLA06608-0987	2007	1	7	30	0.85	
NLA06608-0989	2007	1	7	31	0.4	
NLA06608-0990	2007	1	7	30	1.05	
NLA06608-0993	2007	1	9	20	8.4	
NLA06608-0994	2007	1	8	23	3.15	
NLA06608-0996	2007	1	6	26		Y
NLA06608-0997	2007	1	8	3	5.55	
NLA06608-1001	2007	1	6	15	1.1	
NLA06608-1002	2007	1	6	28		Y
NLA06608-1003	2007	1	7	23	3.55	
NLA06608-1005	2007	1	7	19	0.83	
NLA06608-1006	2007	1	6	19	0.38	
NLA06608-1007	2007	1	8	2	1.5	
NLA06608-1008	2007	1	7	12	4.75	
NLA06608-1010	2007	1	8	9	1.2	
NLA06608-1012	2007	1	10	17	1.6	
NLA06608-1014	2007	1	9	13	4.2	
NLA06608-1015	2007	1	8	14	0.42	
NLA06608-1016	2007	1	7	23	0.6	
NLA06608-1018	2007	1	8	2	1	
NLA06608-1022	2007	1	7	10	0.38	
NLA06608-1024	2007	1	8	7	1.46	
NLA06608-1034	2007	1	8	16	4.45	
NLA06608-1035	2007	1	8	14	0.24	
NLA06608-1036	2007	1	6	14	0.55	
NLA06608-1037	2007	1	9	5	1.05	
NLA06608-1038	2007	1	8	3	1.6	
NLA06608-1039	2007	1	8	28	0.23	
NLA06608-1041	2007	1	8	16	3.53	
NLA06608-1044	2007	1	7	10	1.15	
NLA06608-1045	2007	1	8	29	7.3	
NLA06608-1047	2007	1	6	26	2.27	
NLA06608-1052	2007	1	6	27	0.78	
NLA06608-1055	2007	1	7	24	0.54	
NLA06608-1056	2007	1	9	27	2.08	
NLA06608-1057	2007	1	8	14	4.89	
NLA06608-1058	2007	1	9	5	6.45	
NLA06608-1059	2007	1	7	30	0.95	
NLA06608-1060	2007	1	8	14	0.41	
NLA06608-1060	2007	2	8	14	0.41	
NLA06608-1070	2007	1	7	11	1.55	
NLA06608-1073	2007	1	8	13	10.3	
NLA06608-1075	2007	1	8	27		Y
NLA06608-1083	2007	1	6	29	0.63	
NLA06608-1086	2007	1	8	27	0.51	
NLA06608-1087	2007	1	7	20	1.53	
NLA06608-1089	2007	1	7	20	8.2	
NLA06608-1091	2007	1	7	16	1.55	
NLA06608-1096	2007	1	8	2	0.25	
NLA06608-1100	2007	1	6	28	4.28	
NLA06608-1101	2007	1	9	9		Y
NLA06608-1102	2007	1	7	16	3.95	
NLA06608-1103	2007	1	8	28	0.41	
NLA06608-1107	2007	1	8	27	0.18	
NLA06608-1108	2007	1	6	21	0.57	
NLA06608-1108	2007	2	7	2	0.54	
NLA06608-1111	2007	1	7	10	0.28	
NLA06608-1113	2007	1	7	16	2.25	
NLA06608-1114	2007	1	6	21	0.83	
NLA06608-1115	2007	1	7	30	3.49	
NLA06608-1119	2007	1	8	30	1.75	
NLA06608-1120	2007	1	8	27	1.35	
NLA06608-1122	2007	1	7	26	2.02	
NLA06608-1124	2007	1	7	17		Y
NLA06608-1125	2007	1	8	7	3.65	
NLA06608-1129	2007	1	6	6	2.05	
NLA06608-1130	2007	1	8	21	1.08	
NLA06608-1131	2007	1	6	26	1.68	
NLA06608-1134	2007	1	8	7	1.3	
NLA06608-1141	2007	1	7	9	1.75	
NLA06608-1143	2007	1	7	31		Y
NLA06608-1145	2007	1	9	12	0.78	
NLA06608-1147	2007	1	7	27	0.65	
NLA06608-1148	2007	1	7	31	0.15	
NLA06608-1150	2007	1	7	19	2.35	
NLA06608-1151	2007	1	7	17	1.45	
NLA06608-1153	2007	1	7	19	13.74	
NLA06608-1155	2007	1	7	17	0.95	
NLA06608-1162	2007	1	9	6	3.45	
NLA06608-1163	2007	1	7	2	2.8	
NLA06608-1164	2007	1	9	11	0.83	
NLA06608-1166	2007	1	8	14	7.25	
NLA06608-1167	2007	1	9	20	4.4	
NLA06608-1170	2007	1	7	18	5.35	
NLA06608-1172	2007	1	6	27	2.65	
NLA06608-1174	2007	1	8	15	3.27	
NLA06608-1175	2007	1	8	21	0.55	
NLA06608-1177	2007	1	6	28	1.1	
NLA06608-1179	2007	1	8	1	0.3	
NLA06608-1181	2007	1	6	26	0.6	
NLA06608-1183	2007	1	8	29	8	
NLA06608-1185	2007	1	8	16	0.35	
NLA06608-1189	2007	1	9	21	3.55	
NLA06608-1190	2007	1	6	25	0.85	
NLA06608-1191	2007	1	8	6	0.78	
NLA06608-1195	2007	1	7	2	1.1	
NLA06608-1198	2007	1	7	25	2.05	
NLA06608-1199	2007	1	8	15	0.93	
NLA06608-1204	2007	1	8	28	2.93	
NLA06608-1206	2007	1	8	2	0.8	
NLA06608-1207	2007	1	7	26	3.95	
NLA06608-1208	2007	1	7	12	0.45	
NLA06608-1208	2007	2	7	25	0.85	
NLA06608-1209	2007	1	8	15	1.58	
NLA06608-1210	2007	1	8	15		Y
NLA06608-1217	2007	1	7	24	0.88	
NLA06608-1219	2007	1	8	20	0.28	
NLA06608-1220	2007	1	7	11	0.53	
NLA06608-1222	2007	1	7	31	2.3	
NLA06608-1223	2007	1	7	24	0.2	
NLA06608-1224	2007	1	7	12	0.88	
NLA06608-1227	2007	1	7	3	2.25	
NLA06608-1232	2007	1	8	22	2.45	
NLA06608-1236	2007	1	8	16	0.33	
NLA06608-1238	2007	1	8	16	5.56	
NLA06608-1239	2007	1	7	24	0.43	
NLA06608-1240	2007	1	7	18	1.1	
NLA06608-1241	2007	1	6	23	0.98	
NLA06608-1242	2007	1	7	10	4.45	
NLA06608-1243	2007	1	8	7	0.92	
NLA06608-1244	2007	1	8	7	0.28	
NLA06608-1245	2007	1	6	29	0.3	
NLA06608-1255	2007	1	8	15	0.1	
NLA06608-1256	2007	1	7	17	2.23	
NLA06608-1258	2007	1	8	22	1.36	
NLA06608-1259	2007	1	6	21	3.8	
NLA06608-1261	2007	1	6	25		Y
NLA06608-1262	2007	1	7	9	0.88	
NLA06608-1263	2007	1	8	23	0.9	
NLA06608-1266	2007	1	7	12	0.04	
NLA06608-1268	2007	1	7	17	0.54	
NLA06608-1269	2007	1	7	24	0.32	
NLA06608-1270	2007	1	8	30	0.78	
NLA06608-1271	2007	1	8	7	0.4	
NLA06608-1273	2007	1	9	7	0.55	
NLA06608-1274	2007	1	8	1	4.6	
NLA06608-1278	2007	1	8	21	1.28	
NLA06608-1279	2007	1	8	26	1.33	
NLA06608-1281	2007	1	7	18	4.03	
NLA06608-1283	2007	1	6	27	0.68	
NLA06608-1284	2007	1	8	24	5.3	
NLA06608-1288	2007	1	8	27	0.48	
NLA06608-1292	2007	1	7	20	1.25	
NLA06608-1295	2007	1	7	12	0.44	
NLA06608-1297	2007	1	9	13	2	
NLA06608-1300	2007	1	8	15	2.15	
NLA06608-1303	2007	1	8	8	2.55	
NLA06608-1312	2007	1	9	27	4.46	
NLA06608-1316	2007	1	8	17	0.15	
NLA06608-1319	2007	1	8	7	0.28	
NLA06608-1321	2007	1	8	1	5.75	
NLA06608-1323	2007	1	6	26	1.76	
NLA06608-1326	2007	1	8	6		Y
NLA06608-1329	2007	1	8	8		Y
NLA06608-1332	2007	1	8	21	0.2	
NLA06608-1333	2007	1	9	24	6.8	
NLA06608-1334	2007	1	7	31	2	
NLA06608-1334	2007	2	8	14	1.45	
NLA06608-1336	2007	1	9	19	0.38	
NLA06608-1338	2007	1	6	27		Y
NLA06608-1339	2007	1	8	30	0.32	
NLA06608-1342	2007	1	7	17	1.5	
NLA06608-1344	2007	1	7	10	1.15	
NLA06608-1346	2007	1	7	12	4.3	
NLA06608-1347	2007	1	6	28	2.65	
NLA06608-1348	2007	1	8	8	4.3	
NLA06608-1349	2007	1	8	23	1.15	
NLA06608-1354	2007	1	7	28	4.56	
NLA06608-1355	2007	1	7	3	1.75	
NLA06608-1355	2007	2	8	21	2.55	
NLA06608-1356	2007	1	8	13		
NLA06608-1358	2007	1	8	28	2.75	
NLA06608-1358	2007	2	9	18	2.5	
NLA06608-1359	2007	1	7	31	0.61	
NLA06608-1360	2007	1	8	19	0.85	
NLA06608-1364	2007	1	6	20	0.38	
NLA06608-1365	2007	1	8	21	1.55	
NLA06608-1367	2007	1	8	14	0.12	
NLA06608-1368	2007	1	9	18	0.4	
NLA06608-1369	2007	1	6	21	0.63	
NLA06608-1370	2007	1	8	31	1.45	
NLA06608-1372	2007	1	9	17	0.63	
NLA06608-1375	2007	1	9	4	0.3	
NLA06608-1376	2007	1	9	26	1.89	
NLA06608-1377	2007	1	7	22	6.3	
NLA06608-1380	2007	1	7	18	3.25	
NLA06608-1383	2007	1	8	22	0.85	
NLA06608-1387	2007	1	7	20	0.95	
NLA06608-1389	2007	1	8	7	0.7	
NLA06608-1389	2007	2	8	29	0.6	
NLA06608-1390	2007	1	7	19	1.45	
NLA06608-1391	2007	1	9	5	0.33	
NLA06608-1396	2007	1	6	21	1.46	
NLA06608-1397	2007	1	7	10	0.2	
NLA06608-1398	2007	1	8	17	0.8	
NLA06608-1401	2007	1	7	11	0.55	
NLA06608-1403	2007	1	7	2	2.35	
NLA06608-1413	2007	1	7	11	0.5	
NLA06608-1414	2007	1	8	28	2	
NLA06608-1417	2007	1	7	31	4.4	
NLA06608-1420	2007	1	9	18	0.18	
NLA06608-1421	2007	1	7	17	0.36	
NLA06608-1425	2007	1	8	7	1.41	
NLA06608-1426	2007	1	7	23	1.15	
NLA06608-1432	2007	1	6	19	0.75	
NLA06608-1434	2007	1	8	1	3.75	
NLA06608-1435	2007	1	8	1	1.3	
NLA06608-1436	2007	1	6	21	1.14	
NLA06608-1439	2007	1	7	17	3.35	
NLA06608-1445	2007	1	7	18	0.76	
NLA06608-1446	2007	1	8	29		
NLA06608-1447	2007	1	7	18	2.1	
NLA06608-1450	2007	1	7	24	2.79	
NLA06608-1454	2007	1	7	25	3.9	
NLA06608-1455	2007	1	8	13	2.4	
NLA06608-1460	2007	1	7	26	2.14	
NLA06608-1461	2007	1	9	26	2.4	
NLA06608-1462	2007	1	8	20	0.06	
NLA06608-1465	2007	1	8	21	3.9	
NLA06608-1469	2007	1	7	10	0.55	
NLA06608-1473	2007	1	7	22	4.24	
NLA06608-1476	2007	1	6	14	0.2	
NLA06608-1481	2007	1	8	14	9.89	
NLA06608-1482	2007	1	7	24	0.73	
NLA06608-1483	2007	1	7	25	2.78	
NLA06608-1484	2007	1	8	26	1.76	
NLA06608-1487	2007	1	8	20	1.93	
NLA06608-1488	2007	1	7	31	0.28	
NLA06608-1489	2007	1	8	29	1.31	
NLA06608-1492	2007	1	6	28	0.61	
NLA06608-1496	2007	1	9	6	1.23	
NLA06608-1499	2007	1	8	8	4.05	
NLA06608-1504	2007	1	8	27	0.46	
NLA06608-1508	2007	1	8	20	0.38	
NLA06608-1510	2007	1	8	17	0.87	
NLA06608-1511	2007	1	6	12	2.45	
NLA06608-1515	2007	1	8	29	1.65	
NLA06608-1517	2007	1	8	1	1.46	
NLA06608-1521	2007	1	8	14	0.71	
NLA06608-1524	2007	1	6	12	0.26	
NLA06608-1527	2007	1	8	8	0.09	
NLA06608-1529	2007	1	6	19	1.2	
NLA06608-1532	2007	1	7	24	1.06	
NLA06608-1537	2007	1	7	15	2.7	
NLA06608-1538	2007	1	7	26	3.2	
NLA06608-1544	2007	1	7	25	0.42	
NLA06608-1556	2007	1	8	14	2.32	
NLA06608-1558	2007	1	9	12		Y
NLA06608-1560	2007	1	8	21	0.95	
NLA06608-1561	2007	1	6	19	2.1	
NLA06608-1562	2007	1	6	11	2.32	
NLA06608-1564	2007	1	6	26	0.15	
NLA06608-1568	2007	1	7	10	0.31	
NLA06608-1569	2007	1	8	14	0.65	
NLA06608-1572	2007	1	8	20	1.83	
NLA06608-1575	2007	1	7	24	0.68	
NLA06608-1576	2007	1	9	9	0.38	
NLA06608-1577	2007	1	7	19	3.85	
NLA06608-1578	2007	1	8	21	1.13	
NLA06608-1579	2007	1	7	24	3.49	
NLA06608-1586	2007	1	7	10		Y
NLA06608-1593	2007	1	8	8	2.75	
NLA06608-1595	2007	1	6	28	1.55	
NLA06608-1596	2007	1	8	20	0.15	
NLA06608-1600	2007	1	7	19	1.95	
NLA06608-1602	2007	1	5	30	2.13	
NLA06608-1608	2007	1	8	26	0.83	
NLA06608-1610	2007	1	8	15		
NLA06608-1617	2007	1	8	8	3.27	
NLA06608-1623	2007	1	7	19	0.25	
NLA06608-1626	2007	1	8	8	1.95	
NLA06608-1630	2007	1	7	12	0.41	
NLA06608-1631	2007	1	8	8	1.82	
NLA06608-1633	2007	1	7	13	3.6	
NLA06608-1637	2007	1	8	28	1.45	
NLA06608-1638	2007	1	8	6	15.13	
NLA06608-1640	2007	1	7	26	0.78	
NLA06608-1641	2007	1	6	19	0.19	
NLA06608-1643	2007	1	7	19	3.5	
NLA06608-1652	2007	1	6	13	0.78	
NLA06608-1654	2007	1	7	9	2.25	
NLA06608-1655	2007	1	6	6	0.12	
NLA06608-1668	2007	1	7	17	1.3	
NLA06608-1672	2007	1	9	5	0.15	
NLA06608-1674	2007	1	7	27	3.05	
NLA06608-1675	2007	1	7	23	4.05	
NLA06608-1679	2007	1	7	15	2.25	
NLA06608-1684	2007	1	6	27	1.13	
NLA06608-1684	2007	2	8	21	1.22	
NLA06608-1687	2007	1	7	9	0.75	
NLA06608-1690	2007	1	9	10	3.95	
NLA06608-1695	2007	1	9	6	3.7	
NLA06608-1703	2007	1	8	28	0.28	
NLA06608-1704	2007	1	9	5	1	
NLA06608-1706	2007	1	9	17		Y
NLA06608-1707	2007	1	7	22	1.5	
NLA06608-1711	2007	1	9	4	2.2	
NLA06608-1715	2007	1	9	6	1.43	
NLA06608-1717	2007	1	9	25	5.5	
NLA06608-1719	2007	1	6	18	0.11	
NLA06608-1723	2007	1	6	20	3.45	
NLA06608-1724	2007	1	8	7	0.91	
NLA06608-1733	2007	1	7	12	0.35	
NLA06608-1735	2007	1	9	11	0.95	
NLA06608-1736	2007	1	8	1	0.58	
NLA06608-1739	2007	1	7	20	5	
NLA06608-1740	2007	1	8	10	0.76	
NLA06608-1741	2007	1	7	9	0.36	
NLA06608-1742	2007	1	7	18	4.95	
NLA06608-1748	2007	1	7	31	5.25	
NLA06608-1753	2007	1	8	22		Y
NLA06608-1755	2007	1	8	20	1.35	
NLA06608-1758	2007	1	7	23		Y
NLA06608-1771	2007	1	8	28	2.7	
NLA06608-1775	2007	1	8	24	0.65	
NLA06608-1781	2007	1	10	2	0.6	
NLA06608-1782	2007	1	9	13	0.95	
NLA06608-1789	2007	1	9	19	4.25	
NLA06608-1791	2007	1	8	8	4.03	
NLA06608-1793	2007	1	7	23	2.75	
NLA06608-1800	2007	1	8	27	0.78	
NLA06608-1802	2007	1	9	12	1.32	
NLA06608-1804	2007	1	6	27	1.15	
NLA06608-1808	2007	1	9	13	0.64	
NLA06608-1810	2007	1	7	16	0.55	
NLA06608-1811	2007	1	6	25	1.41	
NLA06608-1812	2007	1	8	27	2.3	
NLA06608-1818	2007	1	7	10	8.09	
NLA06608-1821	2007	1	8	9	0.3	
NLA06608-1824	2007	1	7	25	0.65	
NLA06608-1825	2007	1	9	11	0.55	
NLA06608-1835	2007	1	7	24	3.05	
NLA06608-1836	2007	1	8	13	0.36	
NLA06608-1839	2007	1	9	20	1.03	
NLA06608-1840	2007	1	8	15	0.46	
NLA06608-1851	2007	1	8	21	1.07	
NLA06608-1856	2007	1	7	24	0.5	
NLA06608-1857	2007	1	7	25	6.95	
NLA06608-1861	2007	1	8	1	0.65	
NLA06608-1862	2007	1	7	12	0.1	
NLA06608-1863	2007	1	9	7	1.33	
NLA06608-1866	2007	1	7	23		Y
NLA06608-1867	2007	1	7	18	0.53	
NLA06608-1868	2007	1	8	15	1.8	
NLA06608-1871	2007	1	7	19	1.65	
NLA06608-1873	2007	1	9	11	9.16	
NLA06608-1874	2007	1	8	14	2.85	
NLA06608-1879	2007	1	8	22	0.27	
NLA06608-1884	2007	1	7	18	0.95	
NLA06608-1893	2007	1	7	12	0.19	
NLA06608-1894	2007	1	8	8		
NLA06608-1906	2007	1	7	20	1.33	
NLA06608-1908	2007	1	8	7	4.95	
NLA06608-1910	2007	1	7	11	0.8	
NLA06608-1930	2007	1	7	24	3.3	
NLA06608-1936	2007	1	9	13	0.4	
NLA06608-1948	2007	1	8	21	0.84	
NLA06608-1953	2007	1	8	25	2.13	
NLA06608-1958	2007	1	8	27	4.63	
NLA06608-1959	2007	1	6	11	0.51	
NLA06608-1960	2007	1	8	23	0.3	
NLA06608-1968	2007	1	8	23	0.24	
NLA06608-1975	2007	1	8	8	2.46	
NLA06608-1985	2007	1	7	21	10.45	
NLA06608-1989	2007	1	8	2	1.45	
NLA06608-1992	2007	1	9	20	0.4	
NLA06608-1998	2007	1	8	6	2.75	
NLA06608-1998	2007	2	9	11	1.98	
NLA06608-2005	2007	1	7	12	0.3	
NLA06608-2007	2007	1	6	24	1.11	
NLA06608-2010	2007	1	7	19	1.61	
NLA06608-2027	2007	1	6	20	1.13	
NLA06608-2036	2007	1	7	11	1.56	
NLA06608-2037	2007	1	6	14	0.42	
NLA06608-2039	2007	1	8	9	0.13	
NLA06608-2049	2007	1	9	17	4.15	
NLA06608-2056	2007	1	8	22	0.37	
NLA06608-2072	2007	1	8	30	0.68	
NLA06608-2074	2007	1	6	13	0.65	
NLA06608-2076	2007	1	9	12	1.93	
NLA06608-2078	2007	1	8	24	2.59	
NLA06608-2082	2007	1	9	4	2.1	
NLA06608-2086	2007	1	8	29	4.15	
NLA06608-2087	2007	1	7	25	0.34	
NLA06608-2091	2007	1	7	2	0.99	
NLA06608-2092	2007	1	9	15	0.43	
NLA06608-2094	2007	1	7	11	1.07	
NLA06608-2095	2007	1	7	8	0.79	
NLA06608-2103	2007	1	6	13	0.79	
NLA06608-2114	2007	1	7	25	2.7	
NLA06608-2117	2007	1	9	25	0.25	
NLA06608-2120	2007	1	7	25	1.16	
NLA06608-2123	2007	1	8	13	0.24	
NLA06608-2131	2007	1	6	26	0.43	
NLA06608-2134	2007	1	8	1	1.71	
NLA06608-2135	2007	1	8	20	1.45	
NLA06608-2152	2007	1	10	2	1.61	
NLA06608-2154	2007	1	7	23	0.59	
NLA06608-2155	2007	1	7	25	2.5	
NLA06608-2162	2007	1	7	9	2.48	
NLA06608-2170	2007	1	8	24		
NLA06608-2177	2007	1	9	14	5.45	
NLA06608-2185	2007	1	7	19	2.6	
NLA06608-2187	2007	1	7	10	1.25	
NLA06608-2193	2007	1	8	22		Y
NLA06608-2196	2007	1	8	9	2.65	
NLA06608-2217	2007	1	6	5	2.98	
NLA06608-2219	2007	1	7	10	1.17	
NLA06608-2241	2007	1	9	6	5.63	
NLA06608-2250	2007	1	7	29	9.4	
NLA06608-2253	2007	1	7	12	0.87	
NLA06608-2257	2007	1	8	24	4.72	
NLA06608-2266	2007	1	6	23	2	
NLA06608-2267	2007	1	8	6	1.75	
NLA06608-2283	2007	1	7	17	3.15	
NLA06608-2305	2007	1	7	16	2.31	
NLA06608-2322	2007	1	8	23	3.4	
NLA06608-2332	2007	1	8	9	1.1	
NLA06608-2333	2007	1	7	31	1.06	
NLA06608-2345	2007	1	8	16	1.25	
NLA06608-2354	2007	1	7	13	2.63	
NLA06608-2372	2007	1	8	28	1	
NLA06608-2379	2007	1	7	31	5.05	
NLA06608-2418	2007	1	7	11	1.12	
NLA06608-2426	2007	1	9	27	0.38	
NLA06608-2429	2007	1	8	14	4.65	
NLA06608-2438	2007	1	9	11	0.11	
NLA06608-2450	2007	1	7	24	7.48	
NLA06608-2453	2007	1	7	10	0.3	
NLA06608-2457	2007	1	8	23	2.35	
NLA06608-2463	2007	1	7	19	5.25	
NLA06608-2477	2007	1	6	26	1.2	
NLA06608-2481	2007	1	8	1	3.98	
NLA06608-2492	2007	1	7	24	0.86	
NLA06608-2497	2007	1	7	17	0.7	
NLA06608-2507	2007	1	7	11	0.82	
NLA06608-2513	2007	1	8	21	5.19	
NLA06608-2523	2007	1	7	31	0.79	
NLA06608-2524	2007	1	9	14	0.98	
NLA06608-2565	2007	1	8	22	1.15	
NLA06608-2566	2007	1	7	12		Y
NLA06608-2593	2007	1	7	26	0.55	
NLA06608-2629	2007	1	7	10	0.5	
NLA06608-2634	2007	1	7	30		Y
NLA06608-2640	2007	1	8	9	1	
NLA06608-2644	2007	1	8	20	0.41	
NLA06608-2655	2007	1	8	29	1.65	
NLA06608-2657	2007	1	9	13		Y
NLA06608-2663	2007	1	7	10		Y
NLA06608-2673	2007	1	9	18	5.5	
NLA06608-2685	2007	1	9	14	2.45	
NLA06608-2696	2007	1	7	26	0.75	
NLA06608-2704	2007	1	9	11	0.25	
NLA06608-2708	2007	1	8	8	2.4	
NLA06608-2714	2007	1	8	11	3.85	
NLA06608-2715	2007	1	8	17	0.52	
NLA06608-2726	2007	1	9	12	6.99	
NLA06608-2740	2007	1	8	14	0.65	
NLA06608-2753	2007	1	8	30	2.67	
NLA06608-2759	2007	1	8	30		Y
NLA06608-2776	2007	1	10	16	0.79	
NLA06608-2779	2007	1	7	18	1.85	
NLA06608-2797	2007	1	6	28	2.13	
NLA06608-2800	2007	1	9	25	4	
NLA06608-2801	2007	1	8	1	0.35	
NLA06608-2807	2007	1	8	13	0.9	
NLA06608-2823	2007	1	9	5	1.08	
NLA06608-2824	2007	1	8	13	0.8	
NLA06608-2831	2007	1	8	1	0.48	
NLA06608-2833	2007	1	8	15	4.39	
NLA06608-2874	2007	1	9	26	4.2	
NLA06608-2881	2007	1	9	21	6.95	
NLA06608-2889	2007	1	7	18	8.2	
NLA06608-2891	2007	1	7	16	3	
NLA06608-2916	2007	1	8	6	3.3	
NLA06608-2924	2007	1	8	1	1.21	
NLA06608-2954	2007	1	7	26	1.58	
NLA06608-2955	2007	1	6	28	0.74	
NLA06608-2972	2007	1	8	19	0.16	
NLA06608-2987	2007	1	8	1	0.99	
NLA06608-2996	2007	1	10	18	0.28	
NLA06608-3032	2007	1	10	17	0.29	
NLA06608-3035	2007	1	7	25	3.65	
NLA06608-3083	2007	1	8	6	1.18	
NLA06608-3096	2007	1	9	25	2.49	
NLA06608-3121	2007	1	8	7	1.55	
NLA06608-3147	2007	1	8	21	1.05	
NLA06608-3153	2007	1	9	25	7	
NLA06608-3157	2007	1	7	11	2.3	
NLA06608-3160	2007	1	8	15	0.27	
NLA06608-3169	2007	1	8	21	0.45	
NLA06608-3228	2007	1	10	9	0.82	
NLA06608-3265	2007	1	9	5	6.27	
NLA06608-3303	2007	1	10	17	0.79	
NLA06608-3313	2007	1	8	16	0.97	
NLA06608-3320	2007	1	9	17	0.4	
NLA06608-3329	2007	1	7	19	2.88	
NLA06608-3480	2007	1	8	14	0.59	
NLA06608-3484	2007	1	8	20	0.16	
NLA06608-3608	2007	1	8	16	0.69	
NLA06608-3616	2007	1	7	30	1.3	
NLA06608-3644	2007	1	8	15	0.52	
NLA06608-3656	2007	1	8	22	0.23	
NLA06608-3660	2007	1	8	23	0.05	
NLA06608-3698	2007	1	7	19	2.56	
NLA06608-3846	2007	1	7	12	4.79	
NLA06608-3890	2007	1	7	11	3.9	
NLA06608-3911	2007	1	9	17	0.73	
NLA06608-4056	2007	1	7	5	1	
NLA06608-4064	2007	1	7	31	0.9	
NLA06608-4206	2007	1	9	19	0.62	
NLA06608-4252	2007	1	8	23	4.95	
NLA06608-4320	2007	1	9	10	0.8	
NLA06608-4382	2007	1	9	10	0.75	
NLA06608-4413	2007	1	7	18	2.7	
NLA06608-4414	2007	1	8	29	0.88	
NLA06608-4440	2007	1	9	4	0.83	
NLA06608-4472	2007	1	8	7	0.3	
NLA06608-4504	2007	1	6	5	0.88	
NLA06608-4610	2007	1	7	24	1.62	
NLA06608-4643	2007	1	8	21	1.15	
NLA06608-4650	2007	1	9	13	0.79	
NLA06608-4659	2007	1	9	19	0.37	
NLA06608-4686	2007	1	9	12	0.38	
NLA06608-4698	2007	1	9	16	0.63	
NLA06608-4828	2007	1	9	4	1.23	
NLA06608-4929	2007	1	7	17	0.94	
NLA06608-4949	2007	1	8	29	0.83	
NLA06608-9999	2007	1	7	31	8.55	
NLA06608-ACAD_LAKES_0435	2007	1	8	1		Y
NLA06608-ALPS-1218	2007	1	8	3	1.04	
NLA06608-ALSC:020149	2007	1	9	11	3.7	
NLA06608-ELS:1C2-032	2007	1	7	12	1.28	
NLA06608-ELS:1C3-003	2007	1	8	15	3.77	
NLA06608-ELS:1D1-035	2007	1	7	25	1.52	
NLA06608-ELS:1D2-087	2007	1	7	27	0.86	
NLA06608-ELS:1E1-052	2007	1	8	7	4.5	
NLA06608-ELS:1E1-096	2007	1	8	9	2.06	
NLA06608-ELS:1E1-128	2007	1	8	10	2.46	
NLA06608-ELS:1E2-027	2007	1	8	14		Y
NLA06608-ELS:1E3-002	2007	1	8	7		Y
NLA06608-ELS:1E3-012	2007	1	8	28	5.28	
NLA06608-ELS:1E3-071	2007	1	8	8		Y
NLA06608-ELS:2B2-008	2007	1	8	21	1.39	
NLA06608-ELS:2C2-048	2007	1	8	24	2.79	
NLA06608-ELS:2C3-018	2007	1	8	25	1.94	
NLA06608-ELS:2D3-008	2007	1	8	10	5.05	
NLA06608-EMAP:ME011L	2007	1	9	14	2.5	
NLA06608-EMAP:ME012L	2007	1	8	28	5.64	
NLA06608-EMAP:ME254L	2007	1	9	5	3.92	
NLA06608-EMAP:ME263L	2007	1	8	9	1.58	
NLA06608-EMAP:ME518L	2007	1	8	10	4.59	
NLA06608-FL:107895579	2007	1	8	1	1.35	
NLA06608-FL:16674741	2007	1	8	3	3.4	
NLA06608-FL:18261987	2007	1	8	5	1.25	
NLA06608-FL:99324403	2007	1	8	4	1.25	
NLA06608-FL:99344895	2007	1	8	6		Y
NLA06608-IN:646	2007	1	7	31	1.7	
NLA06608-MI:7007	2007	1	8	1	2.84	
NLA06608-MN:03-0029	2007	1	8	8	3.75	
NLA06608-MN:06-0002	2007	1	9	6	0.55	
NLA06608-MN:11-0102	2007	1	8	11	3.65	
NLA06608-MN:15-0010	2007	1	8	9	3.91	
NLA06608-MN:22-0074	2007	1	9	11	0.6	
NLA06608-MN:49-0140	2007	1	9	24	6.35	
NLA06608-MN:51-0063	2007	1	9	5	0.25	
NLA06608-MN:56-0306	2007	1	9	17	2.45	
NLA06608-MN:61-0037	2007	1	9	25	2.55	
NLA06608-MN:74-0023	2007	1	9	12	1.43	
NLA06608-MN:75-0200	2007	1	9	7	0.35	
NLA06608-MN:77-0019	2007	1	9	16	2.18	
NLA06608-MN:87-0030	2007	1	9	8	0.4	
NLA06608-NELP-0253	2007	1	8	8	5.92	
NLA06608-NELP-0955	2007	1	8	29	6.07	
NLA06608-NELP-1041	2007	1	8	1		Y
NLA06608-NELP-1330	2007	1	8	28	6.91	
NLA06608-NELP-2155	2007	1	8	29	7.37	
NLA06608-NELP-3355	2007	1	8	29		Y
NLA06608-NELP-3586	2007	1	8	30	6.22	
NLA06608-NH250L	2007	1	7	26	2.65	
NLA06608-NH4912	2007	1	8	9	7.15	
NLA06608-NV:2	2007	1	9	21	3.1	
NLA06608-NV:3	2007	1	9	20		Y
NLA06608-NV:4	2007	1	9	17	0.08	
NLA06608-OH:19	2007	1	9	6	1.9	
NLA06608-OH:22	2007	1	9	5	5.68	
NLA06608-R10BULLTR	2007	1	8	16	8.25	
NLA06608-R10CAPEHO	2007	1	8	14		Y
NLA06608-R10CHARLT	2007	1	8	8	17.1	
NLA06608-R10COUNCI	2007	1	8	22	9.25	
NLA06608-R10DEERLA	2007	1	8	9		Y
NLA06608-R10FISHLA	2007	1	8	12	2.9	
NLA06608-R10FOURMI	2007	1	8	7	18.1	
NLA06608-R10RAINYL	2007	1	8	19	13	
NLA06608-R10SQUAWL	2007	1	8	24	9.25	
NLA06608-R10ULAKE	2007	1	8	21	2.15	
NLA06608-R10YELLOW	2007	1	8	15	18.25	
NLA06608-R31	2007	1	7	30	4.2	
NLA06608-R314	2007	1	8	15	3.26	
NLA06608-R315	2007	1	8	28	4.21	
NLA06608-R318	2007	1	8	16	3.94	
NLA06608-R319	2007	1	9	18	0.46	
NLA06608-R32	2007	1	8	1	6.9	
NLA06608-R322	2007	1	9	4	3.11	
NLA06608-R323	2007	1	9	19	1.05	
NLA06608-R324	2007	1	9	20	2.4	
NLA06608-R326	2007	1	9	18	0.65	
NLA06608-R328	2007	1	9	6	5.81	
NLA06608-R333	2007	1	9	17	1.47	
NLA06608-R334	2007	1	8	8	1.65	
NLA06608-R336	2007	1	8	21	1.03	
NLA06608-R34	2007	1	8	28	3.33	
NLA06608-R5:KATHRYN	2007	1	8	22	2.34	
NLA06608-R5:OTTAWA	2007	1	8	23	7.95	
NLA06608-R7101	2007	1	9	18	0.15	
NLA06608-R7103	2007	1	9	18	0.45	
NLA06608-R7104	2007	1	9	18		Y
NLA06608-R7106	2007	1	9	20	0.53	
NLA06608-R715	2007	1	8	30	0.55	
NLA06608-R716	2007	1	8	31	1.35	
NLA06608-R723	2007	1	8	23	1.45	
NLA06608-R728	2007	1	8	15	0.95	
NLA06608-R730	2007	1	7	3	0.53	
NLA06608-R733	2007	1	7	2	0.88	
NLA06608-R736	2007	1	7	12	1.8	
NLA06608-R746	2007	1	7	16	1	
NLA06608-R750	2007	1	7	18	0.7	
NLA06608-R759	2007	1	7	26	1.55	
NLA06608-R764	2007	1	8	24	1.3	
NLA06608-R767	2007	1	8	2	3	
NLA06608-R769	2007	1	8	1	3.9	
NLA06608-R770	2007	1	8	2	3	
NLA06608-R772	2007	1	9	7	1.25	
NLA06608-R775	2007	1	9	6	2.4	
NLA06608-R784	2007	1	9	20	0.95	
NLA06608-R788	2007	1	9	18		Y
NLA06608-R791	2007	1	9	19	0.15	
NLA06608-R792	2007	1	9	19	0.15	
NLA06608-R796	2007	1	9	19	0.21	
NLA06608-TX:10	2007	1	9	11	1	
NLA06608-TX:14	2007	1	9	10	1.65	
NLA06608-TX:15	2007	1	9	8	1.45	
NLA06608-TX:19	2007	1	9	15	1.55	
NLA06608-TX:22	2007	1	9	17	0.55	
NLA06608-TX:27	2007	1	9	6	0.8	
NLA06608-TX:29	2007	1	9	13	2.55	
NLA06608-TX:30	2007	1	9	18	0.45	
NLA06608-TX:5	2007	1	9	5	1.88	
NLA06608-WI:LOWES	2007	1	7	11	1.4	
NLA06608-WI:SY	2007	1	7	17	1.25	
